Point ID,arc_length,p,Points_0,Points_1,Points_2,Points_Magnitude,U_0,U_1,U_2,U_Magnitude,vtkValidPointMask
0,0,-16.9494,0,-0.07,1,1.00245,-6.87262e-38,2.33336e-22,-1.38215e-15,1.38215e-15,1
1,0.000139996,-16.9494,0,-0.06986,1,1.00244,1.03663e-25,-1.29049e-09,0.00764412,0.00764412,1
2,0.00028,-16.9494,0,-0.06972,1,1.00243,-2.07331e-25,-2.58104e-09,0.0152886,0.0152886,1
3,0.000419997,-16.9494,0,-0.06958,1,1.00242,-7.51568e-25,-3.87153e-09,0.0229328,0.0229328,1
4,0.000560001,-16.9494,0,-0.06944,1,1.00241,-1.41676e-24,-5.16208e-09,0.0305773,0.0305773,1
5,0.000699997,-16.9494,0,-0.0693,1,1.0024,-2.0733e-24,-6.45257e-09,0.0382214,0.0382214,1
6,0.000840001,-16.9494,0,-0.06916,1,1.00239,-2.6953e-24,-7.74312e-09,0.0458659,0.0458659,1
7,0.000979997,-16.9494,0,-0.06902,1,1.00238,-3.32592e-24,-9.03361e-09,0.05351,0.05351,1
8,0.00112,-16.9494,0,-0.06888,1,1.00237,-3.87018e-24,-1.03242e-08,0.0611546,0.0611546,1
9,0.00126,-16.9494,0,-0.06874,1,1.00236,-4.35394e-24,-1.16147e-08,0.0687987,0.0687987,1
10,0.0014,-16.9494,0,-0.0686,1,1.00235,-4.83773e-24,-1.29052e-08,0.0764432,0.0764432,1
11,0.00154,-16.9494,0,-0.06846,1,1.00234,-5.32148e-24,-1.41957e-08,0.0840873,0.0840873,1
12,0.00168,-16.9494,0,-0.06832,1,1.00233,-5.80527e-24,-1.54862e-08,0.0917319,0.0917319,1
13,0.00182,-16.9494,0,-0.06818,1,1.00232,-6.17673e-24,-1.67767e-08,0.099376,0.099376,1
14,0.00196,-16.9494,0,-0.06804,1,1.00231,-6.53093e-24,-1.80673e-08,0.10702,0.10702,1
15,0.0021,-16.9494,0,-0.0679,1,1.0023,-6.73825e-24,-1.93578e-08,0.114665,0.114665,1
16,0.00224,-16.9494,0,-0.06776,1,1.00229,-6.77282e-24,-2.06483e-08,0.122309,0.122309,1
17,0.00238,-16.9494,0,-0.06762,1,1.00228,-6.16809e-24,-2.19388e-08,0.129953,0.129953,1
18,0.00252,-16.9494,0,-0.06748,1,1.00227,-4.82045e-24,-2.32294e-08,0.137598,0.137598,1
19,0.00266,-16.9494,0,-0.06734,1,1.00226,-2.46205e-24,-2.45199e-08,0.145242,0.145242,1
20,0.0028,-16.9494,0,-0.0672,1,1.00226,1.38221e-24,-2.58104e-08,0.152886,0.152886,1
21,0.00294,-16.9494,0,-0.06706,1,1.00225,7.25658e-24,-2.71009e-08,0.160531,0.160531,1
22,0.00308,-16.9494,0,-0.06692,1,1.00224,9.48504e-24,-2.82598e-08,0.167975,0.167975,1
23,0.00322,-16.9494,0,-0.06678,1,1.00223,3.16355e-24,-2.93199e-08,0.17527,0.17527,1
24,0.00336,-16.9494,0,-0.06664,1,1.00222,-2.05744e-24,-3.038e-08,0.182565,0.182565,1
25,0.0035,-16.9494,0,-0.0665,1,1.00221,-5.98542e-24,-3.14401e-08,0.189859,0.189859,1
26,0.00364,-16.9494,0,-0.06636,1,1.0022,-8.64968e-24,-3.25002e-08,0.197154,0.197154,1
27,0.00378,-16.9494,0,-0.06622,1,1.00219,-1.05712e-23,-3.35603e-08,0.204449,0.204449,1
28,0.00392,-16.9494,0,-0.06608,1,1.00218,-1.18915e-23,-3.46204e-08,0.211743,0.211743,1
29,0.00406,-16.9494,0,-0.06594,1,1.00217,-1.27842e-23,-3.56805e-08,0.219038,0.219038,1
30,0.0042,-16.9494,0,-0.0658,1,1.00216,-1.34552e-23,-3.67406e-08,0.226333,0.226333,1
31,0.00434,-16.9494,0,-0.06566,1,1.00215,-1.38804e-23,-3.78007e-08,0.233628,0.233628,1
32,0.00448,-16.9494,0,-0.06552,1,1.00214,-1.43055e-23,-3.88608e-08,0.240922,0.240922,1
33,0.00462,-16.9494,0,-0.06538,1,1.00214,-1.47306e-23,-3.99209e-08,0.248217,0.248217,1
34,0.00476,-16.9494,0,-0.06524,1,1.00213,-1.48698e-23,-4.0981e-08,0.255511,0.255511,1
35,0.0049,-16.9494,0,-0.0651,1,1.00212,-1.4993e-23,-4.20411e-08,0.262806,0.262806,1
36,0.00504,-16.9494,0,-0.06496,1,1.00211,-1.51e-23,-4.31012e-08,0.270101,0.270101,1
37,0.00518,-16.9494,0,-0.06482,1,1.0021,-1.4261e-23,-4.41613e-08,0.277396,0.277396,1
38,0.00532,-16.9494,0,-0.06468,1,1.00209,-1.24037e-23,-4.52214e-08,0.28469,0.28469,1
39,0.00546,-16.9494,0,-0.06454,1,1.00208,-9.12983e-24,-4.62815e-08,0.291985,0.291985,1
40,0.0056,-16.9494,0,-0.0644,1,1.00207,-3.34087e-24,-4.73416e-08,0.29928,0.29928,1
41,0.00574,-16.9494,0,-0.06426,1,1.00206,5.47373e-24,-4.84017e-08,0.306575,0.306575,1
42,0.00588,-16.9494,0,-0.06412,1,1.00205,1.82067e-23,-4.94618e-08,0.313869,0.313869,1
43,0.00602,-16.9494,0,-0.06398,1,1.00204,3.92814e-23,-5.04265e-08,0.321113,0.321113,1
44,0.00616,-16.9494,0,-0.06384,1,1.00204,2.0752e-23,-5.08187e-08,0.32805,0.32805,1
45,0.0063,-16.9494,0,-0.0637,1,1.00203,7.16965e-24,-5.12109e-08,0.334988,0.334988,1
46,0.00644,-16.9494,0,-0.06356,1,1.00202,-2.5142e-24,-5.1603e-08,0.341925,0.341925,1
47,0.00658,-16.9494,0,-0.06342,1,1.00201,-8.99653e-24,-5.19952e-08,0.348862,0.348862,1
48,0.00672,-16.9494,0,-0.06328,1,1.002,-1.33404e-23,-5.23874e-08,0.355799,0.355799,1
49,0.00686,-16.9494,0,-0.06314,1,1.00199,-1.58946e-23,-5.27796e-08,0.362737,0.362737,1
50,0.007,-16.9494,0,-0.063,1,1.00198,-1.70107e-23,-5.31717e-08,0.369674,0.369674,1
51,0.00714,-16.9494,0,-0.06286,1,1.00197,-1.74057e-23,-5.35639e-08,0.376611,0.376611,1
52,0.00728,-16.9494,0,-0.06272,1,1.00196,-1.78021e-23,-5.39561e-08,0.383548,0.383548,1
53,0.00742,-16.9494,0,-0.06258,1,1.00196,-1.78359e-23,-5.43483e-08,0.390486,0.390486,1
54,0.00756,-16.9494,0,-0.06244,1,1.00195,-1.7505e-23,-5.47404e-08,0.397423,0.397423,1
55,0.0077,-16.9494,0,-0.0623,1,1.00194,-1.75381e-23,-5.51326e-08,0.40436,0.40436,1
56,0.00784,-16.9494,0,-0.06216,1,1.00193,-1.72051e-23,-5.55248e-08,0.411297,0.411297,1
57,0.00798,-16.9494,0,-0.06202,1,1.00192,-1.68708e-23,-5.5917e-08,0.418234,0.418234,1
58,0.00812,-16.9494,0,-0.06188,1,1.00191,-1.54327e-23,-5.63091e-08,0.425172,0.425172,1
59,0.00826,-16.9494,0,-0.06174,1,1.0019,-1.28847e-23,-5.67013e-08,0.432109,0.432109,1
60,0.0084,-16.9494,0,-0.0616,1,1.0019,-8.48296e-24,-5.70935e-08,0.439046,0.439046,1
61,0.00854,-16.9494,0,-0.06146,1,1.00189,-1.47805e-24,-5.74857e-08,0.445983,0.445983,1
62,0.00868,-16.9494,0,-0.06132,1,1.00188,9.62528e-24,-5.78778e-08,0.452921,0.452921,1
63,0.00882,-16.9494,0,-0.06118,1,1.00187,2.44789e-23,-5.827e-08,0.459858,0.459858,1
64,0.00896,-16.9494,0,-0.06104,1,1.00186,4.60762e-23,-5.86622e-08,0.466795,0.466795,1
65,0.0091,-16.9494,0,-0.0609,1,1.00185,4.52896e-23,-5.84795e-08,0.473489,0.473489,1
66,0.00924,-16.9494,0,-0.06076,1,1.00184,2.35015e-23,-5.80668e-08,0.480086,0.480086,1
67,0.00938,-16.9494,0,-0.06062,1,1.00184,8.32627e-24,-5.76542e-08,0.486683,0.486683,1
68,0.00952,-16.9494,0,-0.06048,1,1.00183,-1.35109e-24,-5.72415e-08,0.49328,0.49328,1
69,0.00966,-16.9494,0,-0.06034,1,1.00182,-7.55818e-24,-5.68288e-08,0.499877,0.499877,1
70,0.0098,-16.9494,0,-0.0602,1,1.00181,-1.08617e-23,-5.64162e-08,0.506473,0.506473,1
71,0.00994,-16.9494,0,-0.06006,1,1.0018,-1.27225e-23,-5.60035e-08,0.51307,0.51307,1
72,0.01008,-16.9494,0,-0.05992,1,1.00179,-1.29495e-23,-5.55909e-08,0.519667,0.519667,1
73,0.01022,-16.9494,0,-0.05978,1,1.00179,-1.31398e-23,-5.51782e-08,0.526264,0.526264,1
74,0.01036,-16.9494,0,-0.05964,1,1.00178,-1.27277e-23,-5.47655e-08,0.532861,0.532861,1
75,0.0105,-16.9494,0,-0.0595,1,1.00177,-1.23157e-23,-5.43529e-08,0.539457,0.539457,1
76,0.01064,-16.9494,0,-0.05936,1,1.00176,-1.16392e-23,-5.39402e-08,0.546054,0.546054,1
77,0.01078,-16.9494,0,-0.05922,1,1.00175,-1.12364e-23,-5.35276e-08,0.552651,0.552651,1
78,0.01092,-16.9494,0,-0.05908,1,1.00174,-1.05873e-23,-5.31149e-08,0.559248,0.559248,1
79,0.01106,-16.9494,0,-0.05894,1,1.00174,-9.24537e-24,-5.27022e-08,0.565845,0.565845,1
80,0.0112,-16.9494,0,-0.0588,1,1.00173,-7.29297e-24,-5.22896e-08,0.572441,0.572441,1
81,0.01134,-16.9494,0,-0.05866,1,1.00172,-4.37499e-24,-5.18769e-08,0.579038,0.579038,1
82,0.01148,-16.9494,0,-0.05852,1,1.00171,4.19188e-25,-5.14642e-08,0.585635,0.585635,1
83,0.01162,-16.9494,0,-0.05838,1,1.0017,6.81491e-24,-5.10516e-08,0.592232,0.592232,1
84,0.01176,-16.9494,0,-0.05824,1,1.00169,1.53026e-23,-5.06389e-08,0.598829,0.598829,1
85,0.0119,-16.9494,0,-0.0581,1,1.00169,2.65906e-23,-5.02263e-08,0.605425,0.605425,1
86,0.01204,-16.9494,0,-0.05796,1,1.00168,3.78538e-23,-4.96122e-08,0.61193,0.61193,1
87,0.01218,-16.9494,0,-0.05782,1,1.00167,2.07741e-23,-4.84944e-08,0.618206,0.618206,1
88,0.01232,-16.9494,0,-0.05768,1,1.00166,9.71918e-24,-4.73767e-08,0.624481,0.624481,1
89,0.01246,-16.9494,0,-0.05754,1,1.00165,3.28234e-24,-4.6259e-08,0.630756,0.630756,1
90,0.0126,-16.9494,0,-0.0574,1,1.00165,-2.98393e-25,-4.51413e-08,0.637031,0.637031,1
91,0.01274,-16.9494,0,-0.05726,1,1.00164,-1.79745e-24,-4.40236e-08,0.643306,0.643306,1
92,0.01288,-16.9494,0,-0.05712,1,1.00163,-2.11003e-24,-4.29059e-08,0.649582,0.649582,1
93,0.01302,-16.9494,0,-0.05698,1,1.00162,-1.75477e-24,-4.17882e-08,0.655857,0.655857,1
94,0.01316,-16.9494,0,-0.05684,1,1.00161,-1.16506e-24,-4.06704e-08,0.662132,0.662132,1
95,0.0133,-16.9494,0,-0.0567,1,1.00161,-4.3682e-25,-3.95527e-08,0.668407,0.668407,1
96,0.01344,-16.9494,0,-0.05656,1,1.0016,2.91424e-25,-3.8435e-08,0.674682,0.674682,1
97,0.01358,-16.9494,0,-0.05642,1,1.00159,1.01967e-24,-3.73173e-08,0.680958,0.680958,1
98,0.01372,-16.9494,0,-0.05628,1,1.00158,1.70526e-24,-3.61996e-08,0.687233,0.687233,1
99,0.01386,-16.9494,0,-0.05614,1,1.00157,2.35535e-24,-3.50819e-08,0.693508,0.693508,1
100,0.014,-16.9494,0,-0.056,1,1.00157,2.8136e-24,-3.39642e-08,0.699783,0.699783,1
101,0.01414,-16.9494,0,-0.05586,1,1.00156,2.78161e-24,-3.28465e-08,0.706058,0.706058,1
102,0.01428,-16.9494,0,-0.05572,1,1.00155,1.81888e-24,-3.17288e-08,0.712334,0.712334,1
103,0.01442,-16.9494,0,-0.05558,1,1.00154,-1.05153e-24,-3.0611e-08,0.718609,0.718609,1
104,0.01456,-16.9494,0,-0.05544,1,1.00154,-6.56497e-24,-2.94933e-08,0.724884,0.724884,1
105,0.0147,-16.9494,0,-0.0553,1,1.00153,-1.60287e-23,-2.83756e-08,0.731159,0.731159,1
106,0.01484,-16.9494,0,-0.05516,1,1.00152,-3.21427e-23,-2.72579e-08,0.737434,0.737434,1
107,0.01498,-16.9494,0,-0.05502,1,1.00151,-5.66972e-23,-2.61402e-08,0.74371,0.74371,1
108,0.01512,-16.9494,0,-0.05488,1,1.0015,4.88494e-17,-2.44733e-08,0.749727,0.749727,1
109,0.01526,-16.9494,0,-0.05474,1,1.0015,1.05841e-16,-2.27148e-08,0.755702,0.755702,1
110,0.0154,-16.9494,0,-0.0546,1,1.00149,1.62832e-16,-2.09563e-08,0.761678,0.761678,1
111,0.01554,-16.9494,0,-0.05446,1,1.00148,2.19824e-16,-1.91979e-08,0.767653,0.767653,1
112,0.01568,-16.9494,0,-0.05432,1,1.00147,2.76816e-16,-1.74394e-08,0.773628,0.773628,1
113,0.01582,-16.9494,0,-0.05418,1,1.00147,3.33807e-16,-1.5681e-08,0.779603,0.779603,1
114,0.01596,-16.9494,0,-0.05404,1,1.00146,3.90799e-16,-1.39225e-08,0.785578,0.785578,1
115,0.0161,-16.9494,0,-0.0539,1,1.00145,4.4779e-16,-1.2164e-08,0.791553,0.791553,1
116,0.01624,-16.9494,0,-0.05376,1,1.00144,5.04782e-16,-1.04056e-08,0.797528,0.797528,1
117,0.01638,-16.9494,0,-0.05362,1,1.00144,5.61773e-16,-8.64711e-09,0.803503,0.803503,1
118,0.01652,-16.9494,0,-0.05348,1,1.00143,6.18765e-16,-6.88865e-09,0.809478,0.809478,1
119,0.01666,-16.9494,0,-0.05334,1,1.00142,6.75756e-16,-5.13019e-09,0.815453,0.815453,1
120,0.0168,-16.9494,0,-0.0532,1,1.00141,7.32748e-16,-3.37173e-09,0.821428,0.821428,1
121,0.01694,-16.9494,0,-0.05306,1,1.00141,7.89739e-16,-1.61327e-09,0.827403,0.827403,1
122,0.01708,-16.9494,0,-0.05292,1,1.0014,8.46731e-16,1.45193e-10,0.833378,0.833378,1
123,0.01722,-16.9494,0,-0.05278,1,1.00139,9.03722e-16,1.90365e-09,0.839353,0.839353,1
124,0.01736,-16.9494,0,-0.05264,1,1.00138,9.60714e-16,3.66211e-09,0.845328,0.845328,1
125,0.0175,-16.9494,0,-0.0525,1,1.00138,1.0177e-15,5.42053e-09,0.851303,0.851303,1
126,0.01764,-16.9494,0,-0.05236,1,1.00137,1.0747e-15,7.17899e-09,0.857278,0.857278,1
127,0.01778,-16.9494,0,-0.05222,1,1.00136,1.13169e-15,8.93745e-09,0.863253,0.863253,1
128,0.01792,-16.9494,0,-0.05208,1,1.00136,1.18868e-15,1.06959e-08,0.869228,0.869228,1
129,0.01806,-16.9494,0,-0.05194,1,1.00135,1.24622e-15,1.27133e-08,0.875085,0.875085,1
130,0.0182,-16.9494,0,-0.0518,1,1.00134,1.30451e-15,1.5076e-08,0.880785,0.880785,1
131,0.01834,-16.9494,0,-0.05166,1,1.00133,1.3628e-15,1.74386e-08,0.886486,0.886486,1
132,0.01848,-16.9494,0,-0.05152,1,1.00133,1.42109e-15,1.98012e-08,0.892186,0.892186,1
133,0.01862,-16.9494,0,-0.05138,1,1.00132,1.47937e-15,2.21639e-08,0.897886,0.897886,1
134,0.01876,-16.9494,0,-0.05124,1,1.00131,1.53766e-15,2.45265e-08,0.903586,0.903586,1
135,0.0189,-16.9494,0,-0.0511,1,1.0013,1.59595e-15,2.68892e-08,0.909286,0.909286,1
136,0.01904,-16.9494,0,-0.05096,1,1.0013,1.65423e-15,2.92518e-08,0.914986,0.914986,1
137,0.01918,-16.9494,0,-0.05082,1,1.00129,1.71252e-15,3.16145e-08,0.920686,0.920686,1
138,0.01932,-16.9494,0,-0.05068,1,1.00128,1.77081e-15,3.39771e-08,0.926386,0.926386,1
139,0.01946,-16.9494,0,-0.05054,1,1.00128,1.82909e-15,3.63398e-08,0.932086,0.932086,1
140,0.0196,-16.9494,0,-0.0504,1,1.00127,1.88738e-15,3.87024e-08,0.937786,0.937786,1
141,0.01974,-16.9494,0,-0.05026,1,1.00126,1.94567e-15,4.10651e-08,0.943486,0.943486,1
142,0.01988,-16.9494,0,-0.05012,1,1.00126,2.00395e-15,4.34277e-08,0.949187,0.949187,1
143,0.02002,-16.9494,0,-0.04998,1,1.00125,2.06224e-15,4.57904e-08,0.954887,0.954887,1
144,0.02016,-16.9494,0,-0.04984,1,1.00124,2.12053e-15,4.8153e-08,0.960587,0.960587,1
145,0.0203,-16.9494,0,-0.0497,1,1.00123,2.17881e-15,5.05157e-08,0.966287,0.966287,1
146,0.02044,-16.9494,0,-0.04956,1,1.00123,2.2371e-15,5.28783e-08,0.971987,0.971987,1
147,0.02058,-16.9494,0,-0.04942,1,1.00122,2.29539e-15,5.5241e-08,0.977687,0.977687,1
148,0.02072,-16.9494,0,-0.04928,1,1.00121,2.35367e-15,5.76036e-08,0.983387,0.983387,1
149,0.02086,-16.9494,0,-0.04914,1,1.00121,2.41196e-15,5.99663e-08,0.989087,0.989087,1
150,0.021,-16.9494,0,-0.049,1,1.0012,2.47025e-15,6.23289e-08,0.994787,0.994787,1
151,0.02114,-16.9494,0,-0.04886,1,1.00119,2.41325e-15,6.53485e-08,1.00024,1.00024,1
152,0.02128,-16.9494,0,-0.04872,1,1.00119,2.35626e-15,6.83681e-08,1.0057,1.0057,1
153,0.02142,-16.9494,0,-0.04858,1,1.00118,2.29927e-15,7.13877e-08,1.01115,1.01115,1
154,0.02156,-16.9494,0,-0.04844,1,1.00117,2.24228e-15,7.44073e-08,1.01661,1.01661,1
155,0.0217,-16.9494,0,-0.0483,1,1.00117,2.18529e-15,7.74269e-08,1.02207,1.02207,1
156,0.02184,-16.9494,0,-0.04816,1,1.00116,2.1283e-15,8.04465e-08,1.02752,1.02752,1
157,0.02198,-16.9494,0,-0.04802,1,1.00115,2.07131e-15,8.34661e-08,1.03298,1.03298,1
158,0.02212,-16.9494,0,-0.04788,1,1.00115,2.01432e-15,8.64858e-08,1.03843,1.03843,1
159,0.02226,-16.9494,0,-0.04774,1,1.00114,1.95732e-15,8.95054e-08,1.04389,1.04389,1
160,0.0224,-16.9494,0,-0.0476,1,1.00113,1.90033e-15,9.2525e-08,1.04934,1.04934,1
161,0.02254,-16.9494,0,-0.04746,1,1.00113,1.84334e-15,9.55446e-08,1.0548,1.0548,1
162,0.02268,-16.9494,0,-0.04732,1,1.00112,1.78635e-15,9.85642e-08,1.06025,1.06025,1
163,0.02282,-16.9494,0,-0.04718,1,1.00111,1.72936e-15,1.01584e-07,1.06571,1.06571,1
164,0.02296,-16.9494,0,-0.04704,1,1.00111,1.67237e-15,1.04603e-07,1.07117,1.07117,1
165,0.0231,-16.9494,0,-0.0469,1,1.0011,1.61537e-15,1.07623e-07,1.07662,1.07662,1
166,0.02324,-16.9494,0,-0.04676,1,1.00109,1.55838e-15,1.10643e-07,1.08208,1.08208,1
167,0.02338,-16.9494,0,-0.04662,1,1.00109,1.50139e-15,1.13662e-07,1.08753,1.08753,1
168,0.02352,-16.9494,0,-0.04648,1,1.00108,1.4444e-15,1.16682e-07,1.09299,1.09299,1
169,0.02366,-16.9494,0,-0.04634,1,1.00107,1.38741e-15,1.19702e-07,1.09844,1.09844,1
170,0.0238,-16.9494,0,-0.0462,1,1.00107,1.33042e-15,1.22721e-07,1.1039,1.1039,1
171,0.02394,-16.9494,0,-0.04606,1,1.00106,1.27342e-15,1.25741e-07,1.10935,1.10935,1
172,0.02408,-16.9494,0,-0.04592,1,1.00105,1.21569e-15,1.29168e-07,1.11469,1.11469,1
173,0.02422,-16.9494,0,-0.04578,1,1.00105,1.15741e-15,1.32901e-07,1.11994,1.11994,1
174,0.02436,-16.9494,0,-0.04564,1,1.00104,1.09912e-15,1.36634e-07,1.12519,1.12519,1
175,0.0245,-16.9494,0,-0.0455,1,1.00103,1.04083e-15,1.40367e-07,1.13044,1.13044,1
176,0.02464,-16.9494,0,-0.04536,1,1.00103,9.82547e-16,1.441e-07,1.13569,1.13569,1
177,0.02478,-16.9494,0,-0.04522,1,1.00102,9.2426e-16,1.47833e-07,1.14094,1.14094,1
178,0.02492,-16.9494,0,-0.04508,1,1.00102,8.65973e-16,1.51566e-07,1.14619,1.14619,1
179,0.02506,-16.9494,0,-0.04494,1,1.00101,8.07686e-16,1.55299e-07,1.15144,1.15144,1
180,0.0252,-16.9494,0,-0.0448,1,1.001,7.494e-16,1.59032e-07,1.15669,1.15669,1
181,0.02534,-16.9494,0,-0.04466,1,1.001,6.91114e-16,1.62765e-07,1.16194,1.16194,1
182,0.02548,-16.9494,0,-0.04452,1,1.00099,6.32828e-16,1.66498e-07,1.16719,1.16719,1
183,0.02562,-16.9494,0,-0.04438,1,1.00098,5.74541e-16,1.70231e-07,1.17243,1.17243,1
184,0.02576,-16.9494,0,-0.04424,1,1.00098,5.16254e-16,1.73964e-07,1.17768,1.17768,1
185,0.0259,-16.9494,0,-0.0441,1,1.00097,4.57967e-16,1.77697e-07,1.18293,1.18293,1
186,0.02604,-16.9494,0,-0.04396,1,1.00097,3.9968e-16,1.8143e-07,1.18818,1.18818,1
187,0.02618,-16.9494,0,-0.04382,1,1.00096,3.41394e-16,1.85163e-07,1.19343,1.19343,1
188,0.02632,-16.9494,0,-0.04368,1,1.00095,2.83107e-16,1.88896e-07,1.19868,1.19868,1
189,0.02646,-16.9494,0,-0.04354,1,1.00095,2.24819e-16,1.92629e-07,1.20393,1.20393,1
190,0.0266,-16.9494,0,-0.0434,1,1.00094,1.66532e-16,1.96362e-07,1.20918,1.20918,1
191,0.02674,-16.9494,0,-0.04326,1,1.00094,1.08245e-16,2.00095e-07,1.21443,1.21443,1
192,0.02688,-16.9494,0,-0.04312,1,1.00093,4.99568e-17,2.03828e-07,1.21968,1.21968,1
193,0.02702,-16.9494,0,-0.04298,1,1.00092,-4.88421e-21,2.07562e-07,1.2252,1.2252,1
194,0.02716,-16.9494,0,-0.04284,1,1.00092,-3.35573e-21,2.11302e-07,1.23239,1.23239,1
195,0.0273,-16.9494,0,-0.0427,1,1.00091,-2.20268e-21,2.15042e-07,1.23958,1.23958,1
196,0.02744,-16.9494,0,-0.04256,1,1.00091,-1.35732e-21,2.18782e-07,1.24677,1.24677,1
197,0.02758,-16.9494,0,-0.04242,1,1.0009,-7.66659e-22,2.22522e-07,1.25395,1.25395,1
198,0.02772,-16.9494,0,-0.04228,1,1.00089,-3.79458e-22,2.26261e-07,1.26114,1.26114,1
199,0.02786,-16.9494,0,-0.04214,1,1.00089,-1.46965e-22,2.30001e-07,1.26833,1.26833,1
200,0.028,-16.9494,0,-0.042,1,1.00088,-1.57618e-23,2.33741e-07,1.27552,1.27552,1
201,0.02814,-16.9494,0,-0.04186,1,1.00088,3.61203e-23,2.37481e-07,1.2827,1.2827,1
202,0.02828,-16.9494,0,-0.04172,1,1.00087,5.72082e-23,2.41221e-07,1.28989,1.28989,1
203,0.02842,-16.9494,0,-0.04158,1,1.00086,5.82292e-23,2.4496e-07,1.29708,1.29708,1
204,0.02856,-16.9494,0,-0.04144,1,1.00086,5.92503e-23,2.487e-07,1.30427,1.30427,1
205,0.0287,-16.9494,0,-0.0413,1,1.00085,5.59662e-23,2.5244e-07,1.31145,1.31145,1
206,0.02884,-16.9494,0,-0.04116,1,1.00085,3.94022e-23,2.5618e-07,1.31864,1.31864,1
207,0.02898,-16.9494,0,-0.04102,1,1.00084,-1.78038e-23,2.5992e-07,1.32583,1.32583,1
208,0.02912,-16.9494,0,-0.04088,1,1.00084,-1.71908e-22,2.6366e-07,1.33302,1.33302,1
209,0.02926,-16.9494,0,-0.04074,1,1.00083,-4.59681e-22,2.67399e-07,1.3402,1.3402,1
210,0.0294,-16.9494,0,-0.0406,1,1.00082,-9.89986e-22,2.71139e-07,1.34739,1.34739,1
211,0.02954,-16.9494,0,-0.04046,1,1.00082,-1.84964e-21,2.74879e-07,1.35458,1.35458,1
212,0.02968,-16.9494,0,-0.04032,1,1.00081,-3.1783e-21,2.78619e-07,1.36177,1.36177,1
213,0.02982,-16.9494,0,-0.04018,1,1.00081,-5.12319e-21,2.82359e-07,1.36895,1.36895,1
214,0.02996,-16.9494,0,-0.04004,1,1.0008,-7.86889e-21,2.86098e-07,1.37614,1.37614,1
215,0.0301,-16.9494,0,-0.0399,1,1.0008,3.01489e-22,2.86865e-07,1.38085,1.38085,1
216,0.03024,-16.9494,0,-0.03976,1,1.00079,2.6566e-22,2.86442e-07,1.38456,1.38456,1
217,0.03038,-16.9494,0,-0.03962,1,1.00078,2.3352e-22,2.86019e-07,1.38827,1.38827,1
218,0.03052,-16.9494,0,-0.03948,1,1.00078,2.04795e-22,2.85595e-07,1.39199,1.39199,1
219,0.03066,-16.9494,0,-0.03934,1,1.00077,1.79224e-22,2.85172e-07,1.3957,1.3957,1
220,0.0308,-16.9494,0,-0.0392,1,1.00077,1.56555e-22,2.84749e-07,1.39941,1.39941,1
221,0.03094,-16.9494,0,-0.03906,1,1.00076,1.36545e-22,2.84326e-07,1.40313,1.40313,1
222,0.03108,-16.9494,0,-0.03892,1,1.00076,1.18963e-22,2.83903e-07,1.40684,1.40684,1
223,0.03122,-16.9494,0,-0.03878,1,1.00075,1.03587e-22,2.8348e-07,1.41055,1.41055,1
224,0.03136,-16.9494,0,-0.03864,1,1.00075,9.02079e-23,2.83057e-07,1.41426,1.41426,1
225,0.0315,-16.9494,0,-0.0385,1,1.00074,7.8624e-23,2.82634e-07,1.41798,1.41798,1
226,0.03164,-16.9494,0,-0.03836,1,1.00074,6.86459e-23,2.82211e-07,1.42169,1.42169,1
227,0.03178,-16.9494,0,-0.03822,1,1.00073,6.00941e-23,2.81788e-07,1.4254,1.4254,1
228,0.03192,-16.9494,0,-0.03808,1,1.00072,5.27995e-23,2.81365e-07,1.42912,1.42912,1
229,0.03206,-16.9494,0,-0.03794,1,1.00072,4.66036e-23,2.80941e-07,1.43283,1.43283,1
230,0.0322,-16.9494,0,-0.0378,1,1.00071,4.13587e-23,2.80518e-07,1.43654,1.43654,1
231,0.03234,-16.9494,0,-0.03766,1,1.00071,3.69277e-23,2.80095e-07,1.44026,1.44026,1
232,0.03248,-16.9494,0,-0.03752,1,1.0007,3.31836e-23,2.79672e-07,1.44397,1.44397,1
233,0.03262,-16.9494,0,-0.03738,1,1.0007,3.00101e-23,2.79249e-07,1.44768,1.44768,1
234,0.03276,-16.9494,0,-0.03724,1,1.00069,2.73018e-23,2.78826e-07,1.45139,1.45139,1
235,0.0329,-16.9494,0,-0.0371,1,1.00069,2.4964e-23,2.78403e-07,1.45511,1.45511,1
236,0.03304,-16.9494,0,-0.03696,1,1.00068,2.29123e-23,2.7798e-07,1.45882,1.45882,1
237,0.03318,-16.9494,0,-0.03682,1,1.00068,2.10732e-23,2.77557e-07,1.46253,1.46253,1
238,0.03332,-16.9494,0,-0.03668,1,1.00067,1.93836e-23,2.77134e-07,1.46625,1.46625,1
239,0.03346,-16.9494,0,-0.03654,1,1.00067,1.77915e-23,2.76711e-07,1.46996,1.46996,1
240,0.0336,-16.9494,0,-0.0364,1,1.00066,1.62554e-23,2.76287e-07,1.47367,1.47367,1
241,0.03374,-16.9494,0,-0.03626,1,1.00066,1.47443e-23,2.75864e-07,1.47739,1.47739,1
242,0.03388,-16.9494,0,-0.03612,1,1.00065,1.32384e-23,2.75441e-07,1.4811,1.4811,1
243,0.03402,-16.9494,0,-0.03598,1,1.00065,1.17282e-23,2.75018e-07,1.48481,1.48481,1
244,0.03416,-16.9494,0,-0.03584,1,1.00064,1.02152e-23,2.74595e-07,1.48853,1.48853,1
245,0.0343,-16.9494,0,-0.0357,1,1.00064,8.71147e-24,2.74172e-07,1.49224,1.49224,1
246,0.03444,-16.9494,0,-0.03556,1,1.00063,7.23997e-24,2.73749e-07,1.49595,1.49595,1
247,0.03458,-16.9494,0,-0.03542,1,1.00063,5.8343e-24,2.73326e-07,1.49966,1.49966,1
248,0.03472,-16.9494,0,-0.03528,1,1.00062,4.539e-24,2.72903e-07,1.50338,1.50338,1
249,0.03486,-16.9494,0,-0.03514,1,1.00062,3.40927e-24,2.7248e-07,1.50709,1.50709,1
250,0.035,-16.9494,0,-0.035,1,1.00061,2.51088e-24,2.72057e-07,1.5108,1.5108,1
251,0.03514,-16.9494,0,-0.03486,1,1.00061,1.9209e-24,2.71633e-07,1.51452,1.51452,1
252,0.03528,-16.9494,0,-0.03472,1,1.0006,1.72658e-24,2.7121e-07,1.51823,1.51823,1
253,0.03542,-16.9494,0,-0.03458,1,1.0006,2.0263e-24,2.70787e-07,1.52194,1.52194,1
254,0.03556,-16.9494,0,-0.03444,1,1.00059,2.92913e-24,2.70364e-07,1.52566,1.52566,1
255,0.0357,-16.9494,0,-0.0343,1,1.00059,4.555e-24,2.69941e-07,1.52937,1.52937,1
256,0.03584,-16.9494,0,-0.03416,1,1.00058,7.03425e-24,2.69518e-07,1.53308,1.53308,1
257,0.03598,-16.9494,0,-0.03402,1,1.00058,1.05086e-23,2.69095e-07,1.53679,1.53679,1
258,0.03612,-16.9494,0,-0.03388,1,1.00057,1.51299e-23,2.68672e-07,1.54051,1.54051,1
259,0.03626,-16.9494,0,-0.03374,1,1.00057,2.10614e-23,2.68249e-07,1.54422,1.54422,1
260,0.0364,-16.9494,0,-0.0336,1,1.00056,2.84765e-23,2.67826e-07,1.54793,1.54793,1
261,0.03654,-16.9494,0,-0.03346,1,1.00056,3.75598e-23,2.67403e-07,1.55165,1.55165,1
262,0.03668,-16.9494,0,-0.03332,1,1.00055,4.85063e-23,2.66979e-07,1.55536,1.55536,1
263,0.03682,-16.9494,0,-0.03318,1,1.00055,6.15221e-23,2.66556e-07,1.55907,1.55907,1
264,0.03696,-16.9494,0,-0.03304,1,1.00055,7.68234e-23,2.66133e-07,1.56279,1.56279,1
265,0.0371,-16.9494,0,-0.0329,1,1.00054,9.46383e-23,2.6571e-07,1.5665,1.5665,1
266,0.03724,-16.9494,0,-0.03276,1,1.00054,1.15205e-22,2.65287e-07,1.57021,1.57021,1
267,0.03738,-16.9494,0,-0.03262,1,1.00053,1.38771e-22,2.64864e-07,1.57392,1.57392,1
268,0.03752,-16.9494,0,-0.03248,1,1.00053,1.65597e-22,2.64441e-07,1.57764,1.57764,1
269,0.03766,-16.9494,0,-0.03234,1,1.00052,1.95954e-22,2.64018e-07,1.58135,1.58135,1
270,0.0378,-16.9494,0,-0.0322,1,1.00052,2.30121e-22,2.63595e-07,1.58506,1.58506,1
271,0.03794,-16.9494,0,-0.03206,1,1.00051,3.8775e-23,2.6261e-07,1.58858,1.58858,1
272,0.03808,-16.9494,0,-0.03192,1,1.00051,3.03163e-23,2.61155e-07,1.59193,1.59193,1
273,0.03822,-16.9494,0,-0.03178,1,1.0005,2.28874e-23,2.597e-07,1.59529,1.59529,1
274,0.03836,-16.9494,0,-0.03164,1,1.0005,1.64111e-23,2.58245e-07,1.59864,1.59864,1
275,0.0385,-16.9494,0,-0.0315,1,1.0005,1.08135e-23,2.5679e-07,1.60199,1.60199,1
276,0.03864,-16.9494,0,-0.03136,1,1.00049,6.02319e-24,2.55334e-07,1.60535,1.60535,1
277,0.03878,-16.9494,0,-0.03122,1,1.00049,1.97266e-24,2.53879e-07,1.6087,1.6087,1
278,0.03892,-16.9494,0,-0.03108,1,1.00048,-1.40288e-24,2.52424e-07,1.61205,1.61205,1
279,0.03906,-16.9494,0,-0.03094,1,1.00048,-4.16505e-24,2.50969e-07,1.61541,1.61541,1
280,0.0392,-16.9494,0,-0.0308,1,1.00047,-6.37242e-24,2.49514e-07,1.61876,1.61876,1
281,0.03934,-16.9494,0,-0.03066,1,1.00047,-8.08045e-24,2.48059e-07,1.62211,1.62211,1
282,0.03948,-16.9494,0,-0.03052,1,1.00047,-9.34159e-24,2.46604e-07,1.62546,1.62546,1
283,0.03962,-16.9494,0,-0.03038,1,1.00046,-1.02053e-23,2.45149e-07,1.62882,1.62882,1
284,0.03976,-16.9494,0,-0.03024,1,1.00046,-1.07182e-23,2.43694e-07,1.63217,1.63217,1
285,0.0399,-16.9494,0,-0.0301,1,1.00045,-1.09234e-23,2.42239e-07,1.63552,1.63552,1
286,0.04004,-16.9494,0,-0.02996,1,1.00045,-1.08617e-23,2.40784e-07,1.63888,1.63888,1
287,0.04018,-16.9494,0,-0.02982,1,1.00044,-1.05707e-23,2.39329e-07,1.64223,1.64223,1
288,0.04032,-16.9494,0,-0.02968,1,1.00044,-1.00848e-23,2.37874e-07,1.64558,1.64558,1
289,0.04046,-16.9494,0,-0.02954,1,1.00044,-9.43587e-24,2.36419e-07,1.64894,1.64894,1
290,0.0406,-16.9494,0,-0.0294,1,1.00043,-8.65286e-24,2.34964e-07,1.65229,1.65229,1
291,0.04074,-16.9494,0,-0.02926,1,1.00043,-7.76156e-24,2.33509e-07,1.65564,1.65564,1
292,0.04088,-16.9494,0,-0.02912,1,1.00042,-6.78536e-24,2.32054e-07,1.659,1.659,1
293,0.04102,-16.9494,0,-0.02898,1,1.00042,-5.74441e-24,2.30599e-07,1.66235,1.66235,1
294,0.04116,-16.9494,0,-0.02884,1,1.00042,-4.65624e-24,2.29144e-07,1.6657,1.6657,1
295,0.0413,-16.9494,0,-0.0287,1,1.00041,-3.5356e-24,2.27689e-07,1.66905,1.66905,1
296,0.04144,-16.9494,0,-0.02856,1,1.00041,-2.39432e-24,2.26234e-07,1.67241,1.67241,1
297,0.04158,-16.9494,0,-0.02842,1,1.0004,-1.24157e-24,2.24779e-07,1.67576,1.67576,1
298,0.04172,-16.9494,0,-0.02828,1,1.0004,-8.38522e-26,2.23324e-07,1.67911,1.67911,1
299,0.04186,-16.9494,0,-0.02814,1,1.0004,1.07517e-24,2.21869e-07,1.68247,1.68247,1
300,0.042,-16.9494,0,-0.028,1,1.00039,2.23456e-24,2.20413e-07,1.68582,1.68582,1
301,0.04214,-16.9494,0,-0.02786,1,1.00039,3.39596e-24,2.18958e-07,1.68917,1.68917,1
302,0.04228,-16.9494,0,-0.02772,1,1.00038,4.56378e-24,2.17503e-07,1.69253,1.69253,1
303,0.04242,-16.9494,0,-0.02758,1,1.00038,5.74511e-24,2.16048e-07,1.69588,1.69588,1
304,0.04256,-16.9494,0,-0.02744,1,1.00038,6.94955e-24,2.14593e-07,1.69923,1.69923,1
305,0.0427,-16.9494,0,-0.0273,1,1.00037,8.18945e-24,2.13138e-07,1.70259,1.70259,1
306,0.04284,-16.9494,0,-0.02716,1,1.00037,9.47971e-24,2.11683e-07,1.70594,1.70594,1
307,0.04298,-16.9494,0,-0.02702,1,1.00037,1.08378e-23,2.10228e-07,1.70929,1.70929,1
308,0.04312,-16.9494,0,-0.02688,1,1.00036,1.22839e-23,2.08773e-07,1.71265,1.71265,1
309,0.04326,-16.9494,0,-0.02674,1,1.00036,1.38406e-23,2.07318e-07,1.716,1.716,1
310,0.0434,-16.9494,0,-0.0266,1,1.00035,1.5533e-23,2.05863e-07,1.71935,1.71935,1
311,0.04354,-16.9494,0,-0.02646,1,1.00035,1.73888e-23,2.04408e-07,1.7227,1.7227,1
312,0.04368,-16.9494,0,-0.02632,1,1.00035,1.94384e-23,2.02953e-07,1.72606,1.72606,1
313,0.04382,-16.9494,0,-0.02618,1,1.00034,2.17143e-23,2.01498e-07,1.72941,1.72941,1
314,0.04396,-16.9494,0,-0.02604,1,1.00034,2.42518e-23,2.00043e-07,1.73276,1.73276,1
315,0.0441,-16.9494,0,-0.0259,1,1.00034,2.70885e-23,1.98588e-07,1.73612,1.73612,1
316,0.04424,-16.9494,0,-0.02576,1,1.00033,3.02645e-23,1.97133e-07,1.73947,1.73947,1
317,0.04438,-16.9494,0,-0.02562,1,1.00033,3.38223e-23,1.95678e-07,1.74282,1.74282,1
318,0.04452,-16.9494,0,-0.02548,1,1.00032,3.78069e-23,1.94223e-07,1.74618,1.74618,1
319,0.04466,-16.9494,0,-0.02534,1,1.00032,4.22656e-23,1.92768e-07,1.74953,1.74953,1
320,0.0448,-16.9494,0,-0.0252,1,1.00032,4.72481e-23,1.91313e-07,1.75288,1.75288,1
321,0.04494,-16.9494,0,-0.02506,1,1.00031,5.28065e-23,1.89858e-07,1.75624,1.75624,1
322,0.04508,-16.9494,0,-0.02492,1,1.00031,5.89953e-23,1.88403e-07,1.75959,1.75959,1
323,0.04522,-16.9494,0,-0.02478,1,1.00031,6.58712e-23,1.86948e-07,1.76294,1.76294,1
324,0.04536,-16.9494,0,-0.02464,1,1.0003,7.34933e-23,1.85492e-07,1.76629,1.76629,1
325,0.0455,-16.9494,0,-0.0245,1,1.0003,8.19231e-23,1.84037e-07,1.76965,1.76965,1
326,0.04564,-16.9494,0,-0.02436,1,1.0003,9.12243e-23,1.82582e-07,1.773,1.773,1
327,0.04578,-16.9494,0,-0.02422,1,1.00029,1.01463e-22,1.81127e-07,1.77635,1.77635,1
328,0.04592,-16.9494,0,-0.02408,1,1.00029,3.17135e-17,1.79979e-07,1.77897,1.77897,1
329,0.04606,-16.9494,0,-0.02394,1,1.00029,7.53054e-17,1.78946e-07,1.7813,1.7813,1
330,0.0462,-16.9494,0,-0.0238,1,1.00028,1.18897e-16,1.77912e-07,1.78364,1.78364,1
331,0.04634,-16.9494,0,-0.02366,1,1.00028,1.62489e-16,1.76879e-07,1.78597,1.78597,1
332,0.04648,-16.9494,0,-0.02352,1,1.00028,2.06081e-16,1.75846e-07,1.78831,1.78831,1
333,0.04662,-16.9494,0,-0.02338,1,1.00027,2.49673e-16,1.74812e-07,1.79064,1.79064,1
334,0.04676,-16.9494,0,-0.02324,1,1.00027,2.93265e-16,1.73779e-07,1.79298,1.79298,1
335,0.0469,-16.9494,0,-0.0231,1,1.00027,3.36857e-16,1.72746e-07,1.79531,1.79531,1
336,0.04704,-16.9494,0,-0.02296,1,1.00026,3.80449e-16,1.71712e-07,1.79765,1.79765,1
337,0.04718,-16.9494,0,-0.02282,1,1.00026,4.24041e-16,1.70679e-07,1.79998,1.79998,1
338,0.04732,-16.9494,0,-0.02268,1,1.00026,4.67633e-16,1.69646e-07,1.80232,1.80232,1
339,0.04746,-16.9494,0,-0.02254,1,1.00025,5.11225e-16,1.68612e-07,1.80466,1.80466,1
340,0.0476,-16.9494,0,-0.0224,1,1.00025,5.54816e-16,1.67579e-07,1.80699,1.80699,1
341,0.04774,-16.9494,0,-0.02226,1,1.00025,5.98408e-16,1.66546e-07,1.80933,1.80933,1
342,0.04788,-16.9494,0,-0.02212,1,1.00024,6.42e-16,1.65512e-07,1.81166,1.81166,1
343,0.04802,-16.9494,0,-0.02198,1,1.00024,6.85592e-16,1.64479e-07,1.814,1.814,1
344,0.04816,-16.9494,0,-0.02184,1,1.00024,7.29184e-16,1.63446e-07,1.81633,1.81633,1
345,0.0483,-16.9494,0,-0.0217,1,1.00024,7.72775e-16,1.62412e-07,1.81867,1.81867,1
346,0.04844,-16.9494,0,-0.02156,1,1.00023,8.16367e-16,1.61379e-07,1.821,1.821,1
347,0.04858,-16.9494,0,-0.02142,1,1.00023,8.59959e-16,1.60346e-07,1.82334,1.82334,1
348,0.04872,-16.9494,0,-0.02128,1,1.00023,9.03551e-16,1.59312e-07,1.82567,1.82567,1
349,0.04886,-16.9494,0,-0.02114,1,1.00022,9.47143e-16,1.58279e-07,1.82801,1.82801,1
350,0.049,-16.9494,0,-0.021,1,1.00022,9.90735e-16,1.57246e-07,1.83034,1.83034,1
351,0.04914,-16.9494,0,-0.02086,1,1.00022,1.03433e-15,1.56212e-07,1.83268,1.83268,1
352,0.04928,-16.9494,0,-0.02072,1,1.00021,1.07792e-15,1.55179e-07,1.83501,1.83501,1
353,0.04942,-16.9494,0,-0.02058,1,1.00021,1.12151e-15,1.54146e-07,1.83735,1.83735,1
354,0.04956,-16.9494,0,-0.02044,1,1.00021,1.1651e-15,1.53112e-07,1.83969,1.83969,1
355,0.0497,-16.9494,0,-0.0203,1,1.00021,1.20869e-15,1.52079e-07,1.84202,1.84202,1
356,0.04984,-16.9494,0,-0.02016,1,1.0002,1.25229e-15,1.51046e-07,1.84436,1.84436,1
357,0.04998,-16.9494,0,-0.02002,1,1.0002,1.29588e-15,1.50012e-07,1.84669,1.84669,1
358,0.05012,-16.9494,0,-0.01988,1,1.0002,1.33947e-15,1.48979e-07,1.84903,1.84903,1
359,0.05026,-16.9494,0,-0.01974,1,1.00019,1.38306e-15,1.47946e-07,1.85136,1.85136,1
360,0.0504,-16.9494,0,-0.0196,1,1.00019,1.42665e-15,1.46912e-07,1.8537,1.8537,1
361,0.05054,-16.9494,0,-0.01946,1,1.00019,1.47025e-15,1.45879e-07,1.85603,1.85603,1
362,0.05068,-16.9494,0,-0.01932,1,1.00019,1.51384e-15,1.44846e-07,1.85837,1.85837,1
363,0.05082,-16.9494,0,-0.01918,1,1.00018,1.55743e-15,1.43812e-07,1.8607,1.8607,1
364,0.05096,-16.9494,0,-0.01904,1,1.00018,1.60102e-15,1.42779e-07,1.86304,1.86304,1
365,0.0511,-16.9494,0,-0.0189,1,1.00018,1.64461e-15,1.41746e-07,1.86537,1.86537,1
366,0.05124,-16.9494,0,-0.01876,1,1.00018,1.6882e-15,1.40712e-07,1.86771,1.86771,1
367,0.05138,-16.9494,0,-0.01862,1,1.00017,1.7318e-15,1.39679e-07,1.87004,1.87004,1
368,0.05152,-16.9494,0,-0.01848,1,1.00017,1.77539e-15,1.38646e-07,1.87238,1.87238,1
369,0.05166,-16.9494,0,-0.01834,1,1.00017,1.81898e-15,1.37612e-07,1.87472,1.87472,1
370,0.0518,-16.9494,0,-0.0182,1,1.00017,1.86257e-15,1.36579e-07,1.87705,1.87705,1
371,0.05194,-16.9494,0,-0.01806,1,1.00016,1.90616e-15,1.35546e-07,1.87939,1.87939,1
372,0.05208,-16.9494,0,-0.01792,1,1.00016,1.94976e-15,1.34512e-07,1.88172,1.88172,1
373,0.05222,-16.9494,0,-0.01778,1,1.00016,1.99335e-15,1.33479e-07,1.88406,1.88406,1
374,0.05236,-16.9494,0,-0.01764,1,1.00016,2.03694e-15,1.32446e-07,1.88639,1.88639,1
375,0.0525,-16.9494,0,-0.0175,1,1.00015,2.08053e-15,1.31412e-07,1.88873,1.88873,1
376,0.05264,-16.9494,0,-0.01736,1,1.00015,2.12412e-15,1.30379e-07,1.89106,1.89106,1
377,0.05278,-16.9494,0,-0.01722,1,1.00015,2.16772e-15,1.29346e-07,1.8934,1.8934,1
378,0.05292,-16.9494,0,-0.01708,1,1.00015,2.21131e-15,1.28312e-07,1.89573,1.89573,1
379,0.05306,-16.9494,0,-0.01694,1,1.00014,2.2549e-15,1.27279e-07,1.89807,1.89807,1
380,0.0532,-16.9494,0,-0.0168,1,1.00014,2.29849e-15,1.26246e-07,1.9004,1.9004,1
381,0.05334,-16.9494,0,-0.01666,1,1.00014,2.34208e-15,1.25212e-07,1.90274,1.90274,1
382,0.05348,-16.9494,0,-0.01652,1,1.00014,2.38567e-15,1.24179e-07,1.90507,1.90507,1
383,0.05362,-16.9494,0,-0.01638,1,1.00013,2.42927e-15,1.23146e-07,1.90741,1.90741,1
384,0.05376,-16.9494,0,-0.01624,1,1.00013,2.47286e-15,1.22112e-07,1.90975,1.90975,1
385,0.0539,-16.9494,0,-0.0161,1,1.00013,2.50697e-15,1.2106e-07,1.91168,1.91168,1
386,0.05404,-16.9494,0,-0.01596,1,1.00013,2.52816e-15,1.19981e-07,1.91306,1.91306,1
387,0.05418,-16.9494,0,-0.01582,1,1.00013,2.54935e-15,1.18902e-07,1.91443,1.91443,1
388,0.05432,-16.9494,0,-0.01568,1,1.00012,2.57054e-15,1.17823e-07,1.91581,1.91581,1
389,0.05446,-16.9494,0,-0.01554,1,1.00012,2.59173e-15,1.16744e-07,1.91719,1.91719,1
390,0.0546,-16.9494,0,-0.0154,1,1.00012,2.61293e-15,1.15665e-07,1.91857,1.91857,1
391,0.05474,-16.9494,0,-0.01526,1,1.00012,2.63412e-15,1.14586e-07,1.91995,1.91995,1
392,0.05488,-16.9494,0,-0.01512,1,1.00011,2.65531e-15,1.13507e-07,1.92133,1.92133,1
393,0.05502,-16.9494,0,-0.01498,1,1.00011,2.6765e-15,1.12428e-07,1.92271,1.92271,1
394,0.05516,-16.9494,0,-0.01484,1,1.00011,2.69769e-15,1.11349e-07,1.92409,1.92409,1
395,0.0553,-16.9494,0,-0.0147,1,1.00011,2.71888e-15,1.1027e-07,1.92547,1.92547,1
396,0.05544,-16.9494,0,-0.01456,1,1.00011,2.74007e-15,1.09191e-07,1.92685,1.92685,1
397,0.05558,-16.9494,0,-0.01442,1,1.0001,2.76126e-15,1.08112e-07,1.92822,1.92822,1
398,0.05572,-16.9494,0,-0.01428,1,1.0001,2.78245e-15,1.07033e-07,1.9296,1.9296,1
399,0.05586,-16.9494,0,-0.01414,1,1.0001,2.80365e-15,1.05954e-07,1.93098,1.93098,1
400,0.056,-16.9494,0,-0.014,1,1.0001,2.82484e-15,1.04875e-07,1.93236,1.93236,1
401,0.05614,-16.9494,0,-0.01386,1,1.0001,2.84603e-15,1.03796e-07,1.93374,1.93374,1
402,0.05628,-16.9494,0,-0.01372,1,1.00009,2.86722e-15,1.02717e-07,1.93512,1.93512,1
403,0.05642,-16.9494,0,-0.01358,1,1.00009,2.88841e-15,1.01638e-07,1.9365,1.9365,1
404,0.05656,-16.9494,0,-0.01344,1,1.00009,2.9096e-15,1.00559e-07,1.93788,1.93788,1
405,0.0567,-16.9494,0,-0.0133,1,1.00009,2.93079e-15,9.94803e-08,1.93926,1.93926,1
406,0.05684,-16.9494,0,-0.01316,1,1.00009,2.95198e-15,9.84013e-08,1.94064,1.94064,1
407,0.05698,-16.9494,0,-0.01302,1,1.00008,2.97317e-15,9.73223e-08,1.94201,1.94201,1
408,0.05712,-16.9494,0,-0.01288,1,1.00008,2.99437e-15,9.62434e-08,1.94339,1.94339,1
409,0.05726,-16.9494,0,-0.01274,1,1.00008,3.01556e-15,9.51644e-08,1.94477,1.94477,1
410,0.0574,-16.9494,0,-0.0126,1,1.00008,3.03675e-15,9.40854e-08,1.94615,1.94615,1
411,0.05754,-16.9494,0,-0.01246,1,1.00008,3.05794e-15,9.30065e-08,1.94753,1.94753,1
412,0.05768,-16.9494,0,-0.01232,1,1.00008,3.07913e-15,9.19275e-08,1.94891,1.94891,1
413,0.05782,-16.9494,0,-0.01218,1,1.00007,3.10032e-15,9.08485e-08,1.95029,1.95029,1
414,0.05796,-16.9494,0,-0.01204,1,1.00007,3.12151e-15,8.97696e-08,1.95167,1.95167,1
415,0.0581,-16.9494,0,-0.0119,1,1.00007,3.1427e-15,8.86906e-08,1.95305,1.95305,1
416,0.05824,-16.9494,0,-0.01176,1,1.00007,3.16389e-15,8.76116e-08,1.95443,1.95443,1
417,0.05838,-16.9494,0,-0.01162,1,1.00007,3.18509e-15,8.65326e-08,1.9558,1.9558,1
418,0.05852,-16.9494,0,-0.01148,1,1.00007,3.20628e-15,8.54537e-08,1.95718,1.95718,1
419,0.05866,-16.9494,0,-0.01134,1,1.00006,3.22747e-15,8.43747e-08,1.95856,1.95856,1
420,0.0588,-16.9494,0,-0.0112,1,1.00006,3.24866e-15,8.32957e-08,1.95994,1.95994,1
421,0.05894,-16.9494,0,-0.01106,1,1.00006,3.26985e-15,8.22168e-08,1.96132,1.96132,1
422,0.05908,-16.9494,0,-0.01092,1,1.00006,3.29104e-15,8.11378e-08,1.9627,1.9627,1
423,0.05922,-16.9494,0,-0.01078,1,1.00006,3.31223e-15,8.00588e-08,1.96408,1.96408,1
424,0.05936,-16.9494,0,-0.01064,1,1.00006,3.33342e-15,7.89799e-08,1.96546,1.96546,1
425,0.0595,-16.9494,0,-0.0105,1,1.00006,3.35462e-15,7.79009e-08,1.96684,1.96684,1
426,0.05964,-16.9494,0,-0.01036,1,1.00005,3.37581e-15,7.68219e-08,1.96822,1.96822,1
427,0.05978,-16.9494,0,-0.01022,1,1.00005,3.397e-15,7.5743e-08,1.96959,1.96959,1
428,0.05992,-16.9494,0,-0.01008,1,1.00005,3.41819e-15,7.4664e-08,1.97097,1.97097,1
429,0.06006,-16.9494,0,-0.00994,1,1.00005,3.43938e-15,7.3585e-08,1.97235,1.97235,1
430,0.0602,-16.9494,0,-0.0098,1,1.00005,3.46057e-15,7.25061e-08,1.97373,1.97373,1
431,0.06034,-16.9494,0,-0.00966,1,1.00005,3.48176e-15,7.14271e-08,1.97511,1.97511,1
432,0.06048,-16.9494,0,-0.00952,1,1.00005,3.50295e-15,7.03481e-08,1.97649,1.97649,1
433,0.06062,-16.9494,0,-0.00938,1,1.00004,3.52414e-15,6.92691e-08,1.97787,1.97787,1
434,0.06076,-16.9494,0,-0.00924,1,1.00004,3.54534e-15,6.81902e-08,1.97925,1.97925,1
435,0.0609,-16.9494,0,-0.0091,1,1.00004,3.56653e-15,6.71112e-08,1.98063,1.98063,1
436,0.06104,-16.9494,0,-0.00896,1,1.00004,3.58772e-15,6.60322e-08,1.98201,1.98201,1
437,0.06118,-16.9494,0,-0.00882,1,1.00004,3.60891e-15,6.49533e-08,1.98338,1.98338,1
438,0.06132,-16.9494,0,-0.00868,1,1.00004,3.6301e-15,6.38743e-08,1.98476,1.98476,1
439,0.06146,-16.9494,0,-0.00854,1,1.00004,3.65129e-15,6.27953e-08,1.98614,1.98614,1
440,0.0616,-16.9494,0,-0.0084,1,1.00004,3.67248e-15,6.17164e-08,1.98752,1.98752,1
441,0.06174,-16.9494,0,-0.00826,1,1.00003,3.69367e-15,6.06374e-08,1.9889,1.9889,1
442,0.06188,-16.9494,0,-0.00812,1,1.00003,3.71486e-15,5.95584e-08,1.99028,1.99028,1
443,0.06202,-16.9494,0,-0.00798,1,1.00003,3.68496e-15,5.85209e-08,1.99093,1.99093,1
444,0.06216,-16.9494,0,-0.00784,1,1.00003,3.64174e-15,5.74943e-08,1.99138,1.99138,1
445,0.0623,-16.9494,0,-0.0077,1,1.00003,3.59852e-15,5.64676e-08,1.99184,1.99184,1
446,0.06244,-16.9494,0,-0.00756,1,1.00003,3.55529e-15,5.54409e-08,1.9923,1.9923,1
447,0.06258,-16.9494,0,-0.00742,1,1.00003,3.51207e-15,5.44142e-08,1.99275,1.99275,1
448,0.06272,-16.9494,0,-0.00728,1,1.00003,3.46885e-15,5.33875e-08,1.99321,1.99321,1
449,0.06286,-16.9494,0,-0.00714,1,1.00003,3.42563e-15,5.23608e-08,1.99366,1.99366,1
450,0.063,-16.9494,0,-0.007,1,1.00002,3.3824e-15,5.13342e-08,1.99412,1.99412,1
451,0.06314,-16.9494,0,-0.00686,1,1.00002,3.33918e-15,5.03075e-08,1.99458,1.99458,1
452,0.06328,-16.9494,0,-0.00672,1,1.00002,3.29596e-15,4.92808e-08,1.99503,1.99503,1
453,0.06342,-16.9494,0,-0.00658,1,1.00002,3.25273e-15,4.82541e-08,1.99549,1.99549,1
454,0.06356,-16.9494,0,-0.00644,1,1.00002,3.20951e-15,4.72274e-08,1.99594,1.99594,1
455,0.0637,-16.9494,0,-0.0063,1,1.00002,3.16629e-15,4.62007e-08,1.9964,1.9964,1
456,0.06384,-16.9494,0,-0.00616,1,1.00002,3.12306e-15,4.51741e-08,1.99686,1.99686,1
457,0.06398,-16.9494,0,-0.00602,1,1.00002,3.07984e-15,4.41474e-08,1.99731,1.99731,1
458,0.06412,-16.9494,0,-0.00588,1,1.00002,3.03662e-15,4.31207e-08,1.99777,1.99777,1
459,0.06426,-16.9494,0,-0.00574,1,1.00002,2.99339e-15,4.2094e-08,1.99823,1.99823,1
460,0.0644,-16.9494,0,-0.0056,1,1.00002,2.95017e-15,4.10673e-08,1.99868,1.99868,1
461,0.06454,-16.9494,0,-0.00546,1,1.00001,2.90695e-15,4.00406e-08,1.99914,1.99914,1
462,0.06468,-16.9494,0,-0.00532,1,1.00001,2.86372e-15,3.9014e-08,1.99959,1.99959,1
463,0.06482,-16.9494,0,-0.00518,1,1.00001,2.8205e-15,3.79873e-08,2.00005,2.00005,1
464,0.06496,-16.9494,0,-0.00504,1,1.00001,2.77728e-15,3.69606e-08,2.00051,2.00051,1
465,0.0651,-16.9494,0,-0.0049,1,1.00001,2.73406e-15,3.59339e-08,2.00096,2.00096,1
466,0.06524,-16.9494,0,-0.00476,1,1.00001,2.69083e-15,3.49072e-08,2.00142,2.00142,1
467,0.06538,-16.9494,0,-0.00462,1,1.00001,2.64761e-15,3.38805e-08,2.00188,2.00188,1
468,0.06552,-16.9494,0,-0.00448,1,1.00001,2.60439e-15,3.28539e-08,2.00233,2.00233,1
469,0.06566,-16.9494,0,-0.00434,1,1.00001,2.56116e-15,3.18272e-08,2.00279,2.00279,1
470,0.0658,-16.9494,0,-0.0042,1,1.00001,2.51794e-15,3.08005e-08,2.00324,2.00324,1
471,0.06594,-16.9494,0,-0.00406,1,1.00001,2.47471e-15,2.97738e-08,2.0037,2.0037,1
472,0.06608,-16.9494,0,-0.00392,1,1.00001,2.43149e-15,2.87471e-08,2.00416,2.00416,1
473,0.06622,-16.9494,0,-0.00378,1,1.00001,2.38827e-15,2.77204e-08,2.00461,2.00461,1
474,0.06636,-16.9494,0,-0.00364,1,1.00001,2.34505e-15,2.66938e-08,2.00507,2.00507,1
475,0.0665,-16.9494,0,-0.0035,1,1.00001,2.30182e-15,2.56671e-08,2.00553,2.00553,1
476,0.06664,-16.9494,0,-0.00336,1,1.00001,2.2586e-15,2.46404e-08,2.00598,2.00598,1
477,0.06678,-16.9494,0,-0.00322,1,1.00001,2.21538e-15,2.36137e-08,2.00644,2.00644,1
478,0.06692,-16.9494,0,-0.00308,1,1,2.17215e-15,2.2587e-08,2.00689,2.00689,1
479,0.06706,-16.9494,0,-0.00294,1,1,2.12893e-15,2.15603e-08,2.00735,2.00735,1
480,0.0672,-16.9494,0,-0.0028,1,1,2.08571e-15,2.05337e-08,2.00781,2.00781,1
481,0.06734,-16.9494,0,-0.00266,1,1,2.04248e-15,1.9507e-08,2.00826,2.00826,1
482,0.06748,-16.9494,0,-0.00252,1,1,1.99926e-15,1.84803e-08,2.00872,2.00872,1
483,0.06762,-16.9494,0,-0.00238,1,1,1.95604e-15,1.74536e-08,2.00917,2.00917,1
484,0.06776,-16.9494,0,-0.00224,1,1,1.91282e-15,1.64269e-08,2.00963,2.00963,1
485,0.0679,-16.9494,0,-0.0021,1,1,1.86959e-15,1.54002e-08,2.01009,2.01009,1
486,0.06804,-16.9494,0,-0.00196,1,1,1.82637e-15,1.43736e-08,2.01054,2.01054,1
487,0.06818,-16.9494,0,-0.00182,1,1,1.78315e-15,1.33469e-08,2.011,2.011,1
488,0.06832,-16.9494,0,-0.00168,1,1,1.73992e-15,1.23202e-08,2.01146,2.01146,1
489,0.06846,-16.9494,0,-0.00154,1,1,1.6967e-15,1.12935e-08,2.01191,2.01191,1
490,0.0686,-16.9494,0,-0.0014,1,1,1.65348e-15,1.02668e-08,2.01237,2.01237,1
491,0.06874,-16.9494,0,-0.00126,1,1,1.61025e-15,9.24015e-09,2.01282,2.01282,1
492,0.06888,-16.9494,0,-0.00112,1,1,1.56703e-15,8.21347e-09,2.01328,2.01328,1
493,0.06902,-16.9494,0,-0.00098,1,1,1.52381e-15,7.18679e-09,2.01374,2.01374,1
494,0.06916,-16.9494,0,-0.00084,1,1,1.48058e-15,6.1601e-09,2.01419,2.01419,1
495,0.0693,-16.9494,0,-0.0007,1,1,1.43736e-15,5.13342e-09,2.01465,2.01465,1
496,0.06944,-16.9494,0,-0.00056,1,1,1.39414e-15,4.10674e-09,2.01511,2.01511,1
497,0.06958,-16.9494,0,-0.00042,1,1,1.35091e-15,3.08005e-09,2.01556,2.01556,1
498,0.06972,-16.9494,0,-0.00028,1,1,1.30769e-15,2.05337e-09,2.01602,2.01602,1
499,0.06986,-16.9494,0,-0.00014,1,1,1.26447e-15,1.02669e-09,2.01647,2.01647,1
500,0.07,-16.9494,0,0,1,1,1.22125e-15,4.996e-15,2.01693,2.01693,1
501,0.07014,-16.9494,0,0.00014,1,1,1.22125e-15,-1.02668e-09,2.01647,2.01647,1
502,0.07028,-16.9494,0,0.00028,1,1,1.22125e-15,-2.05336e-09,2.01602,2.01602,1
503,0.07042,-16.9494,0,0.00042,1,1,1.22125e-15,-3.08004e-09,2.01556,2.01556,1
504,0.07056,-16.9494,0,0.00056,1,1,1.22125e-15,-4.10673e-09,2.01511,2.01511,1
505,0.0707,-16.9494,0,0.0007,1,1,1.22125e-15,-5.13341e-09,2.01465,2.01465,1
506,0.07084,-16.9494,0,0.00084,1,1,1.22125e-15,-6.16009e-09,2.01419,2.01419,1
507,0.07098,-16.9494,0,0.00098,1,1,1.22125e-15,-7.18678e-09,2.01374,2.01374,1
508,0.07112,-16.9494,0,0.00112,1,1,1.22125e-15,-8.21346e-09,2.01328,2.01328,1
509,0.07126,-16.9494,0,0.00126,1,1,1.22125e-15,-9.24014e-09,2.01282,2.01282,1
510,0.0714,-16.9494,0,0.0014,1,1,1.22125e-15,-1.02668e-08,2.01237,2.01237,1
511,0.07154,-16.9494,0,0.00154,1,1,1.22125e-15,-1.12935e-08,2.01191,2.01191,1
512,0.07168,-16.9494,0,0.00168,1,1,1.22125e-15,-1.23202e-08,2.01146,2.01146,1
513,0.07182,-16.9494,0,0.00182,1,1,1.22125e-15,-1.33469e-08,2.011,2.011,1
514,0.07196,-16.9494,0,0.00196,1,1,1.22125e-15,-1.43736e-08,2.01054,2.01054,1
515,0.0721,-16.9494,0,0.0021,1,1,1.22125e-15,-1.54002e-08,2.01009,2.01009,1
516,0.07224,-16.9494,0,0.00224,1,1,1.22125e-15,-1.64269e-08,2.00963,2.00963,1
517,0.07238,-16.9494,0,0.00238,1,1,1.22125e-15,-1.74536e-08,2.00917,2.00917,1
518,0.07252,-16.9494,0,0.00252,1,1,1.22125e-15,-1.84803e-08,2.00872,2.00872,1
519,0.07266,-16.9494,0,0.00266,1,1,1.22125e-15,-1.9507e-08,2.00826,2.00826,1
520,0.0728,-16.9494,0,0.0028,1,1,1.22125e-15,-2.05337e-08,2.00781,2.00781,1
521,0.07294,-16.9494,0,0.00294,1,1,1.22125e-15,-2.15603e-08,2.00735,2.00735,1
522,0.07308,-16.9494,0,0.00308,1,1,1.22125e-15,-2.2587e-08,2.00689,2.00689,1
523,0.07322,-16.9494,0,0.00322,1,1.00001,1.22125e-15,-2.36137e-08,2.00644,2.00644,1
524,0.07336,-16.9494,0,0.00336,1,1.00001,1.22125e-15,-2.46404e-08,2.00598,2.00598,1
525,0.0735,-16.9494,0,0.0035,1,1.00001,1.22125e-15,-2.56671e-08,2.00553,2.00553,1
526,0.07364,-16.9494,0,0.00364,1,1.00001,1.22125e-15,-2.66938e-08,2.00507,2.00507,1
527,0.07378,-16.9494,0,0.00378,1,1.00001,1.22125e-15,-2.77204e-08,2.00461,2.00461,1
528,0.07392,-16.9494,0,0.00392,1,1.00001,1.22125e-15,-2.87471e-08,2.00416,2.00416,1
529,0.07406,-16.9494,0,0.00406,1,1.00001,1.22124e-15,-2.97738e-08,2.0037,2.0037,1
530,0.0742,-16.9494,0,0.0042,1,1.00001,1.22125e-15,-3.08005e-08,2.00324,2.00324,1
531,0.07434,-16.9494,0,0.00434,1,1.00001,1.22125e-15,-3.18272e-08,2.00279,2.00279,1
532,0.07448,-16.9494,0,0.00448,1,1.00001,1.22125e-15,-3.28539e-08,2.00233,2.00233,1
533,0.07462,-16.9494,0,0.00462,1,1.00001,1.22125e-15,-3.38805e-08,2.00188,2.00188,1
534,0.07476,-16.9494,0,0.00476,1,1.00001,1.22125e-15,-3.49072e-08,2.00142,2.00142,1
535,0.0749,-16.9494,0,0.0049,1,1.00001,1.22125e-15,-3.59339e-08,2.00096,2.00096,1
536,0.07504,-16.9494,0,0.00504,1,1.00001,1.22125e-15,-3.69606e-08,2.00051,2.00051,1
537,0.07518,-16.9494,0,0.00518,1,1.00001,1.22125e-15,-3.79873e-08,2.00005,2.00005,1
538,0.07532,-16.9494,0,0.00532,1,1.00001,1.22125e-15,-3.9014e-08,1.99959,1.99959,1
539,0.07546,-16.9494,0,0.00546,1,1.00001,1.22125e-15,-4.00406e-08,1.99914,1.99914,1
540,0.0756,-16.9494,0,0.0056,1,1.00002,1.22125e-15,-4.10673e-08,1.99868,1.99868,1
541,0.07574,-16.9494,0,0.00574,1,1.00002,1.22125e-15,-4.2094e-08,1.99823,1.99823,1
542,0.07588,-16.9494,0,0.00588,1,1.00002,1.22125e-15,-4.31207e-08,1.99777,1.99777,1
543,0.07602,-16.9494,0,0.00602,1,1.00002,1.22125e-15,-4.41474e-08,1.99731,1.99731,1
544,0.07616,-16.9494,0,0.00616,1,1.00002,1.22125e-15,-4.5174e-08,1.99686,1.99686,1
545,0.0763,-16.9494,0,0.0063,1,1.00002,1.22125e-15,-4.62007e-08,1.9964,1.9964,1
546,0.07644,-16.9494,0,0.00644,1,1.00002,1.22125e-15,-4.72274e-08,1.99594,1.99594,1
547,0.07658,-16.9494,0,0.00658,1,1.00002,1.22125e-15,-4.82541e-08,1.99549,1.99549,1
548,0.07672,-16.9494,0,0.00672,1,1.00002,1.22125e-15,-4.92808e-08,1.99503,1.99503,1
549,0.07686,-16.9494,0,0.00686,1,1.00002,1.22125e-15,-5.03075e-08,1.99458,1.99458,1
550,0.077,-16.9494,0,0.007,1,1.00002,1.22125e-15,-5.13341e-08,1.99412,1.99412,1
551,0.07714,-16.9494,0,0.00714,1,1.00003,1.22125e-15,-5.23608e-08,1.99366,1.99366,1
552,0.07728,-16.9494,0,0.00728,1,1.00003,1.22125e-15,-5.33875e-08,1.99321,1.99321,1
553,0.07742,-16.9494,0,0.00742,1,1.00003,1.22125e-15,-5.44142e-08,1.99275,1.99275,1
554,0.07756,-16.9494,0,0.00756,1,1.00003,1.22125e-15,-5.54409e-08,1.9923,1.9923,1
555,0.0777,-16.9494,0,0.0077,1,1.00003,1.22125e-15,-5.64676e-08,1.99184,1.99184,1
556,0.07784,-16.9494,0,0.00784,1,1.00003,1.22125e-15,-5.74942e-08,1.99138,1.99138,1
557,0.07798,-16.9494,0,0.00798,1,1.00003,1.22125e-15,-5.85209e-08,1.99093,1.99093,1
558,0.07812,-16.9494,0,0.00812,1,1.00003,1.22125e-15,-5.95584e-08,1.99028,1.99028,1
559,0.07826,-16.9494,0,0.00826,1,1.00003,1.22125e-15,-6.06374e-08,1.9889,1.9889,1
560,0.0784,-16.9494,0,0.0084,1,1.00004,1.22125e-15,-6.17164e-08,1.98752,1.98752,1
561,0.07854,-16.9494,0,0.00854,1,1.00004,1.22125e-15,-6.27953e-08,1.98614,1.98614,1
562,0.07868,-16.9494,0,0.00868,1,1.00004,1.22125e-15,-6.38743e-08,1.98476,1.98476,1
563,0.07882,-16.9494,0,0.00882,1,1.00004,1.22125e-15,-6.49533e-08,1.98338,1.98338,1
564,0.07896,-16.9494,0,0.00896,1,1.00004,1.22125e-15,-6.60322e-08,1.98201,1.98201,1
565,0.0791,-16.9494,0,0.0091,1,1.00004,1.22125e-15,-6.71112e-08,1.98063,1.98063,1
566,0.07924,-16.9494,0,0.00924,1,1.00004,1.22125e-15,-6.81902e-08,1.97925,1.97925,1
567,0.07938,-16.9494,0,0.00938,1,1.00004,1.22125e-15,-6.92691e-08,1.97787,1.97787,1
568,0.07952,-16.9494,0,0.00952,1,1.00005,1.22125e-15,-7.03481e-08,1.97649,1.97649,1
569,0.07966,-16.9494,0,0.00966,1,1.00005,1.22125e-15,-7.14271e-08,1.97511,1.97511,1
570,0.0798,-16.9494,0,0.0098,1,1.00005,1.22125e-15,-7.2506e-08,1.97373,1.97373,1
571,0.07994,-16.9494,0,0.00994,1,1.00005,1.22125e-15,-7.3585e-08,1.97235,1.97235,1
572,0.08008,-16.9494,0,0.01008,1,1.00005,1.22125e-15,-7.4664e-08,1.97097,1.97097,1
573,0.08022,-16.9494,0,0.01022,1,1.00005,1.22125e-15,-7.5743e-08,1.96959,1.96959,1
574,0.08036,-16.9494,0,0.01036,1,1.00005,1.22125e-15,-7.68219e-08,1.96822,1.96822,1
575,0.0805,-16.9494,0,0.0105,1,1.00006,1.22125e-15,-7.79009e-08,1.96684,1.96684,1
576,0.08064,-16.9494,0,0.01064,1,1.00006,1.22125e-15,-7.89799e-08,1.96546,1.96546,1
577,0.08078,-16.9494,0,0.01078,1,1.00006,1.22125e-15,-8.00588e-08,1.96408,1.96408,1
578,0.08092,-16.9494,0,0.01092,1,1.00006,1.22125e-15,-8.11378e-08,1.9627,1.9627,1
579,0.08106,-16.9494,0,0.01106,1,1.00006,1.22125e-15,-8.22168e-08,1.96132,1.96132,1
580,0.0812,-16.9494,0,0.0112,1,1.00006,1.22125e-15,-8.32957e-08,1.95994,1.95994,1
581,0.08134,-16.9494,0,0.01134,1,1.00006,1.22125e-15,-8.43747e-08,1.95856,1.95856,1
582,0.08148,-16.9494,0,0.01148,1,1.00007,1.22125e-15,-8.54537e-08,1.95718,1.95718,1
583,0.08162,-16.9494,0,0.01162,1,1.00007,1.22125e-15,-8.65326e-08,1.9558,1.9558,1
584,0.08176,-16.9494,0,0.01176,1,1.00007,1.22125e-15,-8.76116e-08,1.95443,1.95443,1
585,0.0819,-16.9494,0,0.0119,1,1.00007,1.22125e-15,-8.86906e-08,1.95305,1.95305,1
586,0.08204,-16.9494,0,0.01204,1,1.00007,1.22125e-15,-8.97696e-08,1.95167,1.95167,1
587,0.08218,-16.9494,0,0.01218,1,1.00007,1.22125e-15,-9.08485e-08,1.95029,1.95029,1
588,0.08232,-16.9494,0,0.01232,1,1.00008,1.22125e-15,-9.19275e-08,1.94891,1.94891,1
589,0.08246,-16.9494,0,0.01246,1,1.00008,1.22125e-15,-9.30064e-08,1.94753,1.94753,1
590,0.0826,-16.9494,0,0.0126,1,1.00008,1.22125e-15,-9.40854e-08,1.94615,1.94615,1
591,0.08274,-16.9494,0,0.01274,1,1.00008,1.22125e-15,-9.51644e-08,1.94477,1.94477,1
592,0.08288,-16.9494,0,0.01288,1,1.00008,1.22125e-15,-9.62434e-08,1.94339,1.94339,1
593,0.08302,-16.9494,0,0.01302,1,1.00008,1.22125e-15,-9.73223e-08,1.94201,1.94201,1
594,0.08316,-16.9494,0,0.01316,1,1.00009,1.22125e-15,-9.84013e-08,1.94064,1.94064,1
595,0.0833,-16.9494,0,0.0133,1,1.00009,1.22125e-15,-9.94803e-08,1.93926,1.93926,1
596,0.08344,-16.9494,0,0.01344,1,1.00009,1.22125e-15,-1.00559e-07,1.93788,1.93788,1
597,0.08358,-16.9494,0,0.01358,1,1.00009,1.22125e-15,-1.01638e-07,1.9365,1.9365,1
598,0.08372,-16.9494,0,0.01372,1,1.00009,1.22125e-15,-1.02717e-07,1.93512,1.93512,1
599,0.08386,-16.9494,0,0.01386,1,1.0001,1.22125e-15,-1.03796e-07,1.93374,1.93374,1
600,0.084,-16.9494,0,0.014,1,1.0001,1.22125e-15,-1.04875e-07,1.93236,1.93236,1
601,0.08414,-16.9494,0,0.01414,1,1.0001,1.22125e-15,-1.05954e-07,1.93098,1.93098,1
602,0.08428,-16.9494,0,0.01428,1,1.0001,1.22125e-15,-1.07033e-07,1.9296,1.9296,1
603,0.08442,-16.9494,0,0.01442,1,1.0001,1.22125e-15,-1.08112e-07,1.92822,1.92822,1
604,0.08456,-16.9494,0,0.01456,1,1.00011,1.22125e-15,-1.09191e-07,1.92685,1.92685,1
605,0.0847,-16.9494,0,0.0147,1,1.00011,1.22125e-15,-1.1027e-07,1.92547,1.92547,1
606,0.08484,-16.9494,0,0.01484,1,1.00011,1.22125e-15,-1.11349e-07,1.92409,1.92409,1
607,0.08498,-16.9494,0,0.01498,1,1.00011,1.22125e-15,-1.12428e-07,1.92271,1.92271,1
608,0.08512,-16.9494,0,0.01512,1,1.00011,1.22125e-15,-1.13507e-07,1.92133,1.92133,1
609,0.08526,-16.9494,0,0.01526,1,1.00012,1.22125e-15,-1.14586e-07,1.91995,1.91995,1
610,0.0854,-16.9494,0,0.0154,1,1.00012,1.22125e-15,-1.15665e-07,1.91857,1.91857,1
611,0.08554,-16.9494,0,0.01554,1,1.00012,1.22125e-15,-1.16744e-07,1.91719,1.91719,1
612,0.08568,-16.9494,0,0.01568,1,1.00012,1.22125e-15,-1.17823e-07,1.91581,1.91581,1
613,0.08582,-16.9494,0,0.01582,1,1.00013,1.22125e-15,-1.18902e-07,1.91443,1.91443,1
614,0.08596,-16.9494,0,0.01596,1,1.00013,1.22125e-15,-1.19981e-07,1.91306,1.91306,1
615,0.0861,-16.9494,0,0.0161,1,1.00013,1.22125e-15,-1.2106e-07,1.91168,1.91168,1
616,0.08624,-16.9494,0,0.01624,1,1.00013,1.20895e-15,-1.22112e-07,1.90975,1.90975,1
617,0.08638,-16.9494,0,0.01638,1,1.00013,1.18764e-15,-1.23146e-07,1.90741,1.90741,1
618,0.08652,-16.9494,0,0.01652,1,1.00014,1.16633e-15,-1.24179e-07,1.90507,1.90507,1
619,0.08666,-16.9494,0,0.01666,1,1.00014,1.14502e-15,-1.25212e-07,1.90274,1.90274,1
620,0.0868,-16.9494,0,0.0168,1,1.00014,1.12371e-15,-1.26246e-07,1.9004,1.9004,1
621,0.08694,-16.9494,0,0.01694,1,1.00014,1.1024e-15,-1.27279e-07,1.89807,1.89807,1
622,0.08708,-16.9494,0,0.01708,1,1.00015,1.08108e-15,-1.28312e-07,1.89573,1.89573,1
623,0.08722,-16.9494,0,0.01722,1,1.00015,1.05977e-15,-1.29346e-07,1.8934,1.8934,1
624,0.08736,-16.9494,0,0.01736,1,1.00015,1.03846e-15,-1.30379e-07,1.89106,1.89106,1
625,0.0875,-16.9494,0,0.0175,1,1.00015,1.01715e-15,-1.31412e-07,1.88873,1.88873,1
626,0.08764,-16.9494,0,0.01764,1,1.00016,9.95837e-16,-1.32446e-07,1.88639,1.88639,1
627,0.08778,-16.9494,0,0.01778,1,1.00016,9.74526e-16,-1.33479e-07,1.88406,1.88406,1
628,0.08792,-16.9494,0,0.01792,1,1.00016,9.53214e-16,-1.34512e-07,1.88172,1.88172,1
629,0.08806,-16.9494,0,0.01806,1,1.00016,9.31902e-16,-1.35546e-07,1.87939,1.87939,1
630,0.0882,-16.9494,0,0.0182,1,1.00017,9.10591e-16,-1.36579e-07,1.87705,1.87705,1
631,0.08834,-16.9494,0,0.01834,1,1.00017,8.89279e-16,-1.37612e-07,1.87472,1.87472,1
632,0.08848,-16.9494,0,0.01848,1,1.00017,8.67968e-16,-1.38646e-07,1.87238,1.87238,1
633,0.08862,-16.9494,0,0.01862,1,1.00017,8.46656e-16,-1.39679e-07,1.87004,1.87004,1
634,0.08876,-16.9494,0,0.01876,1,1.00018,8.25345e-16,-1.40712e-07,1.86771,1.86771,1
635,0.0889,-16.9494,0,0.0189,1,1.00018,8.04033e-16,-1.41746e-07,1.86537,1.86537,1
636,0.08904,-16.9494,0,0.01904,1,1.00018,7.82721e-16,-1.42779e-07,1.86304,1.86304,1
637,0.08918,-16.9494,0,0.01918,1,1.00018,7.6141e-16,-1.43812e-07,1.8607,1.8607,1
638,0.08932,-16.9494,0,0.01932,1,1.00019,7.40098e-16,-1.44846e-07,1.85837,1.85837,1
639,0.08946,-16.9494,0,0.01946,1,1.00019,7.18787e-16,-1.45879e-07,1.85603,1.85603,1
640,0.0896,-16.9494,0,0.0196,1,1.00019,6.97475e-16,-1.46912e-07,1.8537,1.8537,1
641,0.08974,-16.9494,0,0.01974,1,1.00019,6.76163e-16,-1.47946e-07,1.85136,1.85136,1
642,0.08988,-16.9494,0,0.01988,1,1.0002,6.54852e-16,-1.48979e-07,1.84903,1.84903,1
643,0.09002,-16.9494,0,0.02002,1,1.0002,6.3354e-16,-1.50012e-07,1.84669,1.84669,1
644,0.09016,-16.9494,0,0.02016,1,1.0002,6.12229e-16,-1.51046e-07,1.84436,1.84436,1
645,0.0903,-16.9494,0,0.0203,1,1.00021,5.90917e-16,-1.52079e-07,1.84202,1.84202,1
646,0.09044,-16.9494,0,0.02044,1,1.00021,5.69606e-16,-1.53112e-07,1.83969,1.83969,1
647,0.09058,-16.9494,0,0.02058,1,1.00021,5.48294e-16,-1.54146e-07,1.83735,1.83735,1
648,0.09072,-16.9494,0,0.02072,1,1.00021,5.26983e-16,-1.55179e-07,1.83501,1.83501,1
649,0.09086,-16.9494,0,0.02086,1,1.00022,5.05671e-16,-1.56212e-07,1.83268,1.83268,1
650,0.091,-16.9494,0,0.021,1,1.00022,4.84359e-16,-1.57246e-07,1.83034,1.83034,1
651,0.09114,-16.9494,0,0.02114,1,1.00022,4.63048e-16,-1.58279e-07,1.82801,1.82801,1
652,0.09128,-16.9494,0,0.02128,1,1.00023,4.41736e-16,-1.59312e-07,1.82567,1.82567,1
653,0.09142,-16.9494,0,0.02142,1,1.00023,4.20425e-16,-1.60346e-07,1.82334,1.82334,1
654,0.09156,-16.9494,0,0.02156,1,1.00023,3.99113e-16,-1.61379e-07,1.821,1.821,1
655,0.0917,-16.9494,0,0.0217,1,1.00024,3.77801e-16,-1.62412e-07,1.81867,1.81867,1
656,0.09184,-16.9494,0,0.02184,1,1.00024,3.5649e-16,-1.63446e-07,1.81633,1.81633,1
657,0.09198,-16.9494,0,0.02198,1,1.00024,3.35178e-16,-1.64479e-07,1.814,1.814,1
658,0.09212,-16.9494,0,0.02212,1,1.00024,3.13866e-16,-1.65512e-07,1.81166,1.81166,1
659,0.09226,-16.9494,0,0.02226,1,1.00025,2.92555e-16,-1.66546e-07,1.80933,1.80933,1
660,0.0924,-16.9494,0,0.0224,1,1.00025,2.71244e-16,-1.67579e-07,1.80699,1.80699,1
661,0.09254,-16.9494,0,0.02254,1,1.00025,2.49932e-16,-1.68612e-07,1.80466,1.80466,1
662,0.09268,-16.9494,0,0.02268,1,1.00026,2.2862e-16,-1.69646e-07,1.80232,1.80232,1
663,0.09282,-16.9494,0,0.02282,1,1.00026,2.07309e-16,-1.70679e-07,1.79998,1.79998,1
664,0.09296,-16.9494,0,0.02296,1,1.00026,1.85997e-16,-1.71712e-07,1.79765,1.79765,1
665,0.0931,-16.9494,0,0.0231,1,1.00027,1.64686e-16,-1.72746e-07,1.79531,1.79531,1
666,0.09324,-16.9494,0,0.02324,1,1.00027,1.43374e-16,-1.73779e-07,1.79298,1.79298,1
667,0.09338,-16.9494,0,0.02338,1,1.00027,1.22062e-16,-1.74812e-07,1.79064,1.79064,1
668,0.09352,-16.9494,0,0.02352,1,1.00028,1.00751e-16,-1.75846e-07,1.78831,1.78831,1
669,0.09366,-16.9494,0,0.02366,1,1.00028,7.94392e-17,-1.76879e-07,1.78597,1.78597,1
670,0.0938,-16.9494,0,0.0238,1,1.00028,5.81276e-17,-1.77912e-07,1.78364,1.78364,1
671,0.09394,-16.9494,0,0.02394,1,1.00029,3.6816e-17,-1.78946e-07,1.7813,1.7813,1
672,0.09408,-16.9494,0,0.02408,1,1.00029,1.55044e-17,-1.79979e-07,1.77897,1.77897,1
673,0.09422,-16.9494,0,0.02422,1,1.00029,3.27058e-23,-1.81127e-07,1.77635,1.77635,1
674,0.09436,-16.9494,0,0.02436,1,1.0003,2.48047e-23,-1.82582e-07,1.773,1.773,1
675,0.0945,-16.9494,0,0.0245,1,1.0003,1.78406e-23,-1.84037e-07,1.76965,1.76965,1
676,0.09464,-16.9494,0,0.02464,1,1.0003,1.17479e-23,-1.85492e-07,1.76629,1.76629,1
677,0.09478,-16.9494,0,0.02478,1,1.00031,6.46246e-24,-1.86948e-07,1.76294,1.76294,1
678,0.09492,-16.9494,0,0.02492,1,1.00031,1.92319e-24,-1.88403e-07,1.75959,1.75959,1
679,0.09506,-16.9494,0,0.02506,1,1.00031,-1.92912e-24,-1.89858e-07,1.75624,1.75624,1
680,0.0952,-16.9494,0,0.0252,1,1.00032,-5.15123e-24,-1.91313e-07,1.75288,1.75288,1
681,0.09534,-16.9494,0,0.02534,1,1.00032,-7.79761e-24,-1.92768e-07,1.74953,1.74953,1
682,0.09548,-16.9494,0,0.02548,1,1.00032,-9.92033e-24,-1.94223e-07,1.74618,1.74618,1
683,0.09562,-16.9494,0,0.02562,1,1.00033,-1.1569e-23,-1.95678e-07,1.74282,1.74282,1
684,0.09576,-16.9494,0,0.02576,1,1.00033,-1.27914e-23,-1.97133e-07,1.73947,1.73947,1
685,0.0959,-16.9494,0,0.0259,1,1.00034,-1.36319e-23,-1.98588e-07,1.73612,1.73612,1
686,0.09604,-16.9494,0,0.02604,1,1.00034,-1.41332e-23,-2.00043e-07,1.73276,1.73276,1
687,0.09618,-16.9494,0,0.02618,1,1.00034,-1.43356e-23,-2.01498e-07,1.72941,1.72941,1
688,0.09632,-16.9494,0,0.02632,1,1.00035,-1.42765e-23,-2.02953e-07,1.72606,1.72606,1
689,0.09646,-16.9494,0,0.02646,1,1.00035,-1.39913e-23,-2.04408e-07,1.7227,1.7227,1
690,0.0966,-16.9494,0,0.0266,1,1.00035,-1.35125e-23,-2.05863e-07,1.71935,1.71935,1
691,0.09674,-16.9494,0,0.02674,1,1.00036,-1.28704e-23,-2.07318e-07,1.716,1.716,1
692,0.09688,-16.9494,0,0.02688,1,1.00036,-1.20928e-23,-2.08773e-07,1.71265,1.71265,1
693,0.09702,-16.9494,0,0.02702,1,1.00037,-1.12047e-23,-2.10228e-07,1.70929,1.70929,1
694,0.09716,-16.9494,0,0.02716,1,1.00037,-1.0229e-23,-2.11683e-07,1.70594,1.70594,1
695,0.0973,-16.9494,0,0.0273,1,1.00037,-9.18532e-24,-2.13138e-07,1.70259,1.70259,1
696,0.09744,-16.9494,0,0.02744,1,1.00038,-8.09171e-24,-2.14593e-07,1.69923,1.69923,1
697,0.09758,-16.9494,0,0.02758,1,1.00038,-6.96276e-24,-2.16048e-07,1.69588,1.69588,1
698,0.09772,-16.9494,0,0.02772,1,1.00038,-5.81072e-24,-2.17503e-07,1.69253,1.69253,1
699,0.09786,-16.9494,0,0.02786,1,1.00039,-4.64539e-24,-2.18958e-07,1.68917,1.68917,1
700,0.098,-16.9494,0,0.028,1,1.00039,-3.47387e-24,-2.20413e-07,1.68582,1.68582,1
701,0.09814,-16.9494,0,0.02814,1,1.0004,-2.30047e-24,-2.21869e-07,1.68247,1.68247,1
702,0.09828,-16.9494,0,0.02828,1,1.0004,-1.12692e-24,-2.23324e-07,1.67911,1.67911,1
703,0.09842,-16.9494,0,0.02842,1,1.0004,4.77866e-26,-2.24779e-07,1.67576,1.67576,1
704,0.09856,-16.9494,0,0.02856,1,1.00041,1.22728e-24,-2.26234e-07,1.67241,1.67241,1
705,0.0987,-16.9494,0,0.0287,1,1.00041,2.41814e-24,-2.27689e-07,1.66905,1.66905,1
706,0.09884,-16.9494,0,0.02884,1,1.00042,3.62941e-24,-2.29144e-07,1.6657,1.6657,1
707,0.09898,-16.9494,0,0.02898,1,1.00042,4.87293e-24,-2.30599e-07,1.66235,1.66235,1
708,0.09912,-16.9494,0,0.02912,1,1.00042,6.16354e-24,-2.32054e-07,1.659,1.659,1
709,0.09926,-16.9494,0,0.02926,1,1.00043,7.51869e-24,-2.33509e-07,1.65564,1.65564,1
710,0.0994,-16.9494,0,0.0294,1,1.00043,8.95869e-24,-2.34964e-07,1.65229,1.65229,1
711,0.09954,-16.9494,0,0.02954,1,1.00044,1.05067e-23,-2.36419e-07,1.64894,1.64894,1
712,0.09968,-16.9494,0,0.02968,1,1.00044,1.21887e-23,-2.37874e-07,1.64558,1.64558,1
713,0.09982,-16.9494,0,0.02982,1,1.00044,1.40335e-23,-2.39329e-07,1.64223,1.64223,1
714,0.09996,-16.9494,0,0.02996,1,1.00045,1.60729e-23,-2.40784e-07,1.63888,1.63888,1
715,0.1001,-16.9494,0,0.0301,1,1.00045,1.83415e-23,-2.42239e-07,1.63552,1.63552,1
716,0.10024,-16.9494,0,0.03024,1,1.00046,2.08769e-23,-2.43694e-07,1.63217,1.63217,1
717,0.10038,-16.9494,0,0.03038,1,1.00046,2.37197e-23,-2.45149e-07,1.62882,1.62882,1
718,0.10052,-16.9494,0,0.03052,1,1.00047,2.69133e-23,-2.46604e-07,1.62546,1.62546,1
719,0.10066,-16.9494,0,0.03066,1,1.00047,3.05041e-23,-2.48059e-07,1.62211,1.62211,1
720,0.1008,-16.9494,0,0.0308,1,1.00047,3.45415e-23,-2.49514e-07,1.61876,1.61876,1
721,0.10094,-16.9494,0,0.03094,1,1.00048,3.90782e-23,-2.50969e-07,1.61541,1.61541,1
722,0.10108,-16.9494,0,0.03108,1,1.00048,4.41694e-23,-2.52424e-07,1.61205,1.61205,1
723,0.10122,-16.9494,0,0.03122,1,1.00049,4.98739e-23,-2.53879e-07,1.6087,1.6087,1
724,0.10136,-16.9494,0,0.03136,1,1.00049,5.62532e-23,-2.55334e-07,1.60535,1.60535,1
725,0.1015,-16.9494,0,0.0315,1,1.0005,6.3372e-23,-2.5679e-07,1.60199,1.60199,1
726,0.10164,-16.9494,0,0.03164,1,1.0005,7.12981e-23,-2.58245e-07,1.59864,1.59864,1
727,0.10178,-16.9494,0,0.03178,1,1.0005,8.01025e-23,-2.597e-07,1.59529,1.59529,1
728,0.10192,-16.9494,0,0.03192,1,1.00051,8.98594e-23,-2.61155e-07,1.59193,1.59193,1
729,0.10206,-16.9494,0,0.03206,1,1.00051,1.00646e-22,-2.6261e-07,1.58858,1.58858,1
730,0.1022,-16.9494,0,0.0322,1,1.00052,2.91747e-22,-2.63595e-07,1.58506,1.58506,1
731,0.10234,-16.9494,0,0.03234,1,1.00052,2.54269e-22,-2.64018e-07,1.58135,1.58135,1
732,0.10248,-16.9494,0,0.03248,1,1.00053,2.20613e-22,-2.64441e-07,1.57764,1.57764,1
733,0.10262,-16.9494,0,0.03262,1,1.00053,1.90498e-22,-2.64864e-07,1.57392,1.57392,1
734,0.10276,-16.9494,0,0.03276,1,1.00054,1.63653e-22,-2.65287e-07,1.57021,1.57021,1
735,0.1029,-16.9494,0,0.0329,1,1.00054,1.3982e-22,-2.6571e-07,1.5665,1.5665,1
736,0.10304,-16.9494,0,0.03304,1,1.00055,1.18749e-22,-2.66133e-07,1.56279,1.56279,1
737,0.10318,-16.9494,0,0.03318,1,1.00055,1.00202e-22,-2.66556e-07,1.55907,1.55907,1
738,0.10332,-16.9494,0,0.03332,1,1.00055,8.39527e-23,-2.66979e-07,1.55536,1.55536,1
739,0.10346,-16.9494,0,0.03346,1,1.00056,6.97833e-23,-2.67403e-07,1.55165,1.55165,1
740,0.1036,-16.9494,0,0.0336,1,1.00056,5.74884e-23,-2.67826e-07,1.54793,1.54793,1
741,0.10374,-16.9494,0,0.03374,1,1.00057,4.68727e-23,-2.68249e-07,1.54422,1.54422,1
742,0.10388,-16.9494,0,0.03388,1,1.00057,3.7752e-23,-2.68672e-07,1.54051,1.54051,1
743,0.10402,-16.9494,0,0.03402,1,1.00058,2.99526e-23,-2.69095e-07,1.53679,1.53679,1
744,0.10416,-16.9494,0,0.03416,1,1.00058,2.33115e-23,-2.69518e-07,1.53308,1.53308,1
745,0.1043,-16.9494,0,0.0343,1,1.00059,1.76766e-23,-2.69941e-07,1.52937,1.52937,1
746,0.10444,-16.9494,0,0.03444,1,1.00059,1.29067e-23,-2.70364e-07,1.52566,1.52566,1
747,0.10458,-16.9494,0,0.03458,1,1.0006,8.87099e-24,-2.70787e-07,1.52194,1.52194,1
748,0.10472,-16.9494,0,0.03472,1,1.0006,5.44985e-24,-2.7121e-07,1.51823,1.51823,1
749,0.10486,-16.9494,0,0.03486,1,1.00061,2.53411e-24,-2.71633e-07,1.51452,1.51452,1
750,0.105,-16.9494,0,0.035,1,1.00061,2.56145e-26,-2.72057e-07,1.5108,1.5108,1
751,0.10514,-16.9494,0,0.03514,1,1.00062,-2.16318e-24,-2.7248e-07,1.50709,1.50709,1
752,0.10528,-16.9494,0,0.03528,1,1.00062,-4.10906e-24,-2.72903e-07,1.50338,1.50338,1
753,0.10542,-16.9494,0,0.03542,1,1.00063,-5.87782e-24,-2.73326e-07,1.49966,1.49966,1
754,0.10556,-16.9494,0,0.03556,1,1.00063,-7.52475e-24,-2.73749e-07,1.49595,1.49595,1
755,0.1057,-16.9494,0,0.0357,1,1.00064,-9.09417e-24,-2.74172e-07,1.49224,1.49224,1
756,0.10584,-16.9494,0,0.03584,1,1.00064,-1.06198e-23,-2.74595e-07,1.48853,1.48853,1
757,0.10598,-16.9494,0,0.03598,1,1.00065,-1.21243e-23,-2.75018e-07,1.48481,1.48481,1
758,0.10612,-16.9494,0,0.03612,1,1.00065,-1.36202e-23,-2.75441e-07,1.4811,1.4811,1
759,0.10626,-16.9494,0,0.03626,1,1.00066,-1.51085e-23,-2.75864e-07,1.47739,1.47739,1
760,0.1064,-16.9494,0,0.0364,1,1.00066,-1.658e-23,-2.76287e-07,1.47367,1.47367,1
761,0.10654,-16.9494,0,0.03654,1,1.00067,-1.80145e-23,-2.76711e-07,1.46996,1.46996,1
762,0.10668,-16.9494,0,0.03668,1,1.00067,-1.93813e-23,-2.77134e-07,1.46625,1.46625,1
763,0.10682,-16.9494,0,0.03682,1,1.00068,-2.06389e-23,-2.77557e-07,1.46253,1.46253,1
764,0.10696,-16.9494,0,0.03696,1,1.00068,-2.17348e-23,-2.7798e-07,1.45882,1.45882,1
765,0.1071,-16.9494,0,0.0371,1,1.00069,-2.26064e-23,-2.78403e-07,1.45511,1.45511,1
766,0.10724,-16.9494,0,0.03724,1,1.00069,-2.31799e-23,-2.78826e-07,1.45139,1.45139,1
767,0.10738,-16.9494,0,0.03738,1,1.0007,-2.33712e-23,-2.79249e-07,1.44768,1.44768,1
768,0.10752,-16.9494,0,0.03752,1,1.0007,-2.30851e-23,-2.79672e-07,1.44397,1.44397,1
769,0.10766,-16.9494,0,0.03766,1,1.00071,-2.22163e-23,-2.80095e-07,1.44026,1.44026,1
770,0.1078,-16.9494,0,0.0378,1,1.00071,-2.06485e-23,-2.80518e-07,1.43654,1.43654,1
771,0.10794,-16.9494,0,0.03794,1,1.00072,-1.82549e-23,-2.80941e-07,1.43283,1.43283,1
772,0.10808,-16.9494,0,0.03808,1,1.00072,-1.48983e-23,-2.81365e-07,1.42912,1.42912,1
773,0.10822,-16.9494,0,0.03822,1,1.00073,-1.04306e-23,-2.81788e-07,1.4254,1.4254,1
774,0.10836,-16.9494,0,0.03836,1,1.00074,-4.69343e-24,-2.82211e-07,1.42169,1.42169,1
775,0.1085,-16.9494,0,0.0385,1,1.00074,2.4822e-24,-2.82634e-07,1.41798,1.41798,1
776,0.10864,-16.9494,0,0.03864,1,1.00075,1.12758e-23,-2.83057e-07,1.41426,1.41426,1
777,0.10878,-16.9494,0,0.03878,1,1.00075,2.18772e-23,-2.8348e-07,1.41055,1.41055,1
778,0.10892,-16.9494,0,0.03892,1,1.00076,3.4487e-23,-2.83903e-07,1.40684,1.40684,1
779,0.10906,-16.9494,0,0.03906,1,1.00076,4.93158e-23,-2.84326e-07,1.40313,1.40313,1
780,0.1092,-16.9494,0,0.0392,1,1.00077,6.6585e-23,-2.84749e-07,1.39941,1.39941,1
781,0.10934,-16.9494,0,0.03934,1,1.00077,8.6526e-23,-2.85172e-07,1.3957,1.3957,1
782,0.10948,-16.9494,0,0.03948,1,1.00078,1.09381e-22,-2.85595e-07,1.39199,1.39199,1
783,0.10962,-16.9494,0,0.03962,1,1.00078,1.35402e-22,-2.86019e-07,1.38827,1.38827,1
784,0.10976,-16.9494,0,0.03976,1,1.00079,1.64851e-22,-2.86442e-07,1.38456,1.38456,1
785,0.1099,-16.9494,0,0.0399,1,1.0008,1.98002e-22,-2.86865e-07,1.38085,1.38085,1
786,0.11004,-16.9494,0,0.04004,1,1.0008,-1.62763e-17,-2.86098e-07,1.37614,1.37614,1
787,0.11018,-16.9494,0,0.04018,1,1.00081,-7.32705e-17,-2.82359e-07,1.36895,1.36895,1
788,0.11032,-16.9494,0,0.04032,1,1.00081,-1.30264e-16,-2.78619e-07,1.36177,1.36177,1
789,0.11046,-16.9494,0,0.04046,1,1.00082,-1.87257e-16,-2.74879e-07,1.35458,1.35458,1
790,0.1106,-16.9494,0,0.0406,1,1.00082,-2.44249e-16,-2.71139e-07,1.34739,1.34739,1
791,0.11074,-16.9494,0,0.04074,1,1.00083,-3.01241e-16,-2.67399e-07,1.3402,1.3402,1
792,0.11088,-16.9494,0,0.04088,1,1.00084,-3.58231e-16,-2.6366e-07,1.33302,1.33302,1
793,0.11102,-16.9494,0,0.04102,1,1.00084,-4.15223e-16,-2.5992e-07,1.32583,1.32583,1
794,0.11116,-16.9494,0,0.04116,1,1.00085,-4.72214e-16,-2.5618e-07,1.31864,1.31864,1
795,0.1113,-16.9494,0,0.0413,1,1.00085,-5.29206e-16,-2.5244e-07,1.31145,1.31145,1
796,0.11144,-16.9494,0,0.04144,1,1.00086,-5.86197e-16,-2.487e-07,1.30427,1.30427,1
797,0.11158,-16.9494,0,0.04158,1,1.00086,-6.43189e-16,-2.4496e-07,1.29708,1.29708,1
798,0.11172,-16.9494,0,0.04172,1,1.00087,-7.0018e-16,-2.41221e-07,1.28989,1.28989,1
799,0.11186,-16.9494,0,0.04186,1,1.00088,-7.57172e-16,-2.37481e-07,1.2827,1.2827,1
800,0.112,-16.9494,0,0.042,1,1.00088,-8.14163e-16,-2.33741e-07,1.27552,1.27552,1
801,0.11214,-16.9494,0,0.04214,1,1.00089,-8.71154e-16,-2.30001e-07,1.26833,1.26833,1
802,0.11228,-16.9494,0,0.04228,1,1.00089,-9.28146e-16,-2.26261e-07,1.26114,1.26114,1
803,0.11242,-16.9494,0,0.04242,1,1.0009,-9.85137e-16,-2.22522e-07,1.25395,1.25395,1
804,0.11256,-16.9494,0,0.04256,1,1.00091,-1.04213e-15,-2.18782e-07,1.24677,1.24677,1
805,0.1127,-16.9494,0,0.0427,1,1.00091,-1.09912e-15,-2.15042e-07,1.23958,1.23958,1
806,0.11284,-16.9494,0,0.04284,1,1.00092,-1.15611e-15,-2.11302e-07,1.23239,1.23239,1
807,0.11298,-16.9494,0,0.04298,1,1.00092,-1.2131e-15,-2.07562e-07,1.2252,1.2252,1
808,0.11312,-16.9494,0,0.04312,1,1.00093,-1.27121e-15,-2.03828e-07,1.21968,1.21968,1
809,0.11326,-16.9494,0,0.04326,1,1.00094,-1.32949e-15,-2.00095e-07,1.21443,1.21443,1
810,0.1134,-16.9494,0,0.0434,1,1.00094,-1.38778e-15,-1.96362e-07,1.20918,1.20918,1
811,0.11354,-16.9494,0,0.04354,1,1.00095,-1.44607e-15,-1.92629e-07,1.20393,1.20393,1
812,0.11368,-16.9494,0,0.04368,1,1.00095,-1.50435e-15,-1.88896e-07,1.19868,1.19868,1
813,0.11382,-16.9494,0,0.04382,1,1.00096,-1.56264e-15,-1.85163e-07,1.19343,1.19343,1
814,0.11396,-16.9494,0,0.04396,1,1.00097,-1.62093e-15,-1.8143e-07,1.18818,1.18818,1
815,0.1141,-16.9494,0,0.0441,1,1.00097,-1.67921e-15,-1.77697e-07,1.18293,1.18293,1
816,0.11424,-16.9494,0,0.04424,1,1.00098,-1.7375e-15,-1.73964e-07,1.17768,1.17768,1
817,0.11438,-16.9494,0,0.04438,1,1.00098,-1.79579e-15,-1.70231e-07,1.17243,1.17243,1
818,0.11452,-16.9494,0,0.04452,1,1.00099,-1.85407e-15,-1.66498e-07,1.16719,1.16719,1
819,0.11466,-16.9494,0,0.04466,1,1.001,-1.91236e-15,-1.62765e-07,1.16194,1.16194,1
820,0.1148,-16.9494,0,0.0448,1,1.001,-1.97065e-15,-1.59032e-07,1.15669,1.15669,1
821,0.11494,-16.9494,0,0.04494,1,1.00101,-2.02893e-15,-1.55299e-07,1.15144,1.15144,1
822,0.11508,-16.9494,0,0.04508,1,1.00102,-2.08722e-15,-1.51566e-07,1.14619,1.14619,1
823,0.11522,-16.9494,0,0.04522,1,1.00102,-2.14551e-15,-1.47833e-07,1.14094,1.14094,1
824,0.11536,-16.9494,0,0.04536,1,1.00103,-2.20379e-15,-1.441e-07,1.13569,1.13569,1
825,0.1155,-16.9494,0,0.0455,1,1.00103,-2.26208e-15,-1.40367e-07,1.13044,1.13044,1
826,0.11564,-16.9494,0,0.04564,1,1.00104,-2.32037e-15,-1.36634e-07,1.12519,1.12519,1
827,0.11578,-16.9494,0,0.04578,1,1.00105,-2.37865e-15,-1.32901e-07,1.11994,1.11994,1
828,0.11592,-16.9494,0,0.04592,1,1.00105,-2.43694e-15,-1.29168e-07,1.11469,1.11469,1
829,0.11606,-16.9494,0,0.04606,1,1.00106,-2.47025e-15,-1.25741e-07,1.10935,1.10935,1
830,0.1162,-16.9494,0,0.0462,1,1.00107,-2.47025e-15,-1.22721e-07,1.1039,1.1039,1
831,0.11634,-16.9494,0,0.04634,1,1.00107,-2.47025e-15,-1.19702e-07,1.09844,1.09844,1
832,0.11648,-16.9494,0,0.04648,1,1.00108,-2.47025e-15,-1.16682e-07,1.09299,1.09299,1
833,0.11662,-16.9494,0,0.04662,1,1.00109,-2.47025e-15,-1.13662e-07,1.08753,1.08753,1
834,0.11676,-16.9494,0,0.04676,1,1.00109,-2.47025e-15,-1.10643e-07,1.08208,1.08208,1
835,0.1169,-16.9494,0,0.0469,1,1.0011,-2.47025e-15,-1.07623e-07,1.07662,1.07662,1
836,0.11704,-16.9494,0,0.04704,1,1.00111,-2.47025e-15,-1.04603e-07,1.07117,1.07117,1
837,0.11718,-16.9494,0,0.04718,1,1.00111,-2.47025e-15,-1.01584e-07,1.06571,1.06571,1
838,0.11732,-16.9494,0,0.04732,1,1.00112,-2.47025e-15,-9.85642e-08,1.06025,1.06025,1
839,0.11746,-16.9494,0,0.04746,1,1.00113,-2.47025e-15,-9.55446e-08,1.0548,1.0548,1
840,0.1176,-16.9494,0,0.0476,1,1.00113,-2.47025e-15,-9.2525e-08,1.04934,1.04934,1
841,0.11774,-16.9494,0,0.04774,1,1.00114,-2.47025e-15,-8.95054e-08,1.04389,1.04389,1
842,0.11788,-16.9494,0,0.04788,1,1.00115,-2.47025e-15,-8.64858e-08,1.03843,1.03843,1
843,0.11802,-16.9494,0,0.04802,1,1.00115,-2.47025e-15,-8.34661e-08,1.03298,1.03298,1
844,0.11816,-16.9494,0,0.04816,1,1.00116,-2.47025e-15,-8.04465e-08,1.02752,1.02752,1
845,0.1183,-16.9494,0,0.0483,1,1.00117,-2.47025e-15,-7.74269e-08,1.02207,1.02207,1
846,0.11844,-16.9494,0,0.04844,1,1.00117,-2.47025e-15,-7.44073e-08,1.01661,1.01661,1
847,0.11858,-16.9494,0,0.04858,1,1.00118,-2.47025e-15,-7.13877e-08,1.01115,1.01115,1
848,0.11872,-16.9494,0,0.04872,1,1.00119,-2.47025e-15,-6.83681e-08,1.0057,1.0057,1
849,0.11886,-16.9494,0,0.04886,1,1.00119,-2.47025e-15,-6.53485e-08,1.00024,1.00024,1
850,0.119,-16.9494,0,0.049,1,1.0012,-2.47025e-15,-6.23289e-08,0.994787,0.994787,1
851,0.11914,-16.9494,0,0.04914,1,1.00121,-2.41196e-15,-5.99663e-08,0.989087,0.989087,1
852,0.11928,-16.9494,0,0.04928,1,1.00121,-2.35367e-15,-5.76036e-08,0.983387,0.983387,1
853,0.11942,-16.9494,0,0.04942,1,1.00122,-2.29539e-15,-5.5241e-08,0.977687,0.977687,1
854,0.11956,-16.9494,0,0.04956,1,1.00123,-2.2371e-15,-5.28783e-08,0.971987,0.971987,1
855,0.1197,-16.9494,0,0.0497,1,1.00123,-2.17881e-15,-5.05157e-08,0.966287,0.966287,1
856,0.11984,-16.9494,0,0.04984,1,1.00124,-2.12053e-15,-4.8153e-08,0.960587,0.960587,1
857,0.11998,-16.9494,0,0.04998,1,1.00125,-2.06224e-15,-4.57904e-08,0.954887,0.954887,1
858,0.12012,-16.9494,0,0.05012,1,1.00126,-2.00395e-15,-4.34277e-08,0.949187,0.949187,1
859,0.12026,-16.9494,0,0.05026,1,1.00126,-1.94567e-15,-4.10651e-08,0.943486,0.943486,1
860,0.1204,-16.9494,0,0.0504,1,1.00127,-1.88738e-15,-3.87024e-08,0.937786,0.937786,1
861,0.12054,-16.9494,0,0.05054,1,1.00128,-1.82909e-15,-3.63398e-08,0.932086,0.932086,1
862,0.12068,-16.9494,0,0.05068,1,1.00128,-1.77081e-15,-3.39771e-08,0.926386,0.926386,1
863,0.12082,-16.9494,0,0.05082,1,1.00129,-1.71252e-15,-3.16145e-08,0.920686,0.920686,1
864,0.12096,-16.9494,0,0.05096,1,1.0013,-1.65423e-15,-2.92518e-08,0.914986,0.914986,1
865,0.1211,-16.9494,0,0.0511,1,1.0013,-1.59595e-15,-2.68892e-08,0.909286,0.909286,1
866,0.12124,-16.9494,0,0.05124,1,1.00131,-1.53766e-15,-2.45265e-08,0.903586,0.903586,1
867,0.12138,-16.9494,0,0.05138,1,1.00132,-1.47937e-15,-2.21639e-08,0.897886,0.897886,1
868,0.12152,-16.9494,0,0.05152,1,1.00133,-1.42109e-15,-1.98012e-08,0.892186,0.892186,1
869,0.12166,-16.9494,0,0.05166,1,1.00133,-1.3628e-15,-1.74386e-08,0.886486,0.886486,1
870,0.1218,-16.9494,0,0.0518,1,1.00134,-1.30451e-15,-1.5076e-08,0.880785,0.880785,1
871,0.12194,-16.9494,0,0.05194,1,1.00135,-1.24623e-15,-1.27133e-08,0.875085,0.875085,1
872,0.12208,-16.9494,0,0.05208,1,1.00136,-1.18868e-15,-1.06959e-08,0.869228,0.869228,1
873,0.12222,-16.9494,0,0.05222,1,1.00136,-1.13169e-15,-8.93745e-09,0.863253,0.863253,1
874,0.12236,-16.9494,0,0.05236,1,1.00137,-1.0747e-15,-7.17899e-09,0.857278,0.857278,1
875,0.1225,-16.9494,0,0.0525,1,1.00138,-1.0177e-15,-5.42053e-09,0.851303,0.851303,1
876,0.12264,-16.9494,0,0.05264,1,1.00138,-9.60714e-16,-3.66211e-09,0.845328,0.845328,1
877,0.12278,-16.9494,0,0.05278,1,1.00139,-9.03722e-16,-1.90365e-09,0.839353,0.839353,1
878,0.12292,-16.9494,0,0.05292,1,1.0014,-8.46731e-16,-1.45193e-10,0.833378,0.833378,1
879,0.12306,-16.9494,0,0.05306,1,1.00141,-7.89739e-16,1.61327e-09,0.827403,0.827403,1
880,0.1232,-16.9494,0,0.0532,1,1.00141,-7.32748e-16,3.37173e-09,0.821428,0.821428,1
881,0.12334,-16.9494,0,0.05334,1,1.00142,-6.75756e-16,5.13019e-09,0.815453,0.815453,1
882,0.12348,-16.9494,0,0.05348,1,1.00143,-6.18765e-16,6.88865e-09,0.809478,0.809478,1
883,0.12362,-16.9494,0,0.05362,1,1.00144,-5.61773e-16,8.64711e-09,0.803503,0.803503,1
884,0.12376,-16.9494,0,0.05376,1,1.00144,-5.04782e-16,1.04056e-08,0.797528,0.797528,1
885,0.1239,-16.9494,0,0.0539,1,1.00145,-4.4779e-16,1.2164e-08,0.791553,0.791553,1
886,0.12404,-16.9494,0,0.05404,1,1.00146,-3.90799e-16,1.39225e-08,0.785578,0.785578,1
887,0.12418,-16.9494,0,0.05418,1,1.00147,-3.33807e-16,1.5681e-08,0.779603,0.779603,1
888,0.12432,-16.9494,0,0.05432,1,1.00147,-2.76816e-16,1.74394e-08,0.773628,0.773628,1
889,0.12446,-16.9494,0,0.05446,1,1.00148,-2.19824e-16,1.91979e-08,0.767653,0.767653,1
890,0.1246,-16.9494,0,0.0546,1,1.00149,-1.62833e-16,2.09563e-08,0.761678,0.761678,1
891,0.12474,-16.9494,0,0.05474,1,1.0015,-1.05841e-16,2.27148e-08,0.755702,0.755702,1
892,0.12488,-16.9494,0,0.05488,1,1.0015,-4.88495e-17,2.44733e-08,0.749727,0.749727,1
893,0.12502,-16.9494,0,0.05502,1,1.00151,-5.96465e-23,2.61402e-08,0.74371,0.74371,1
894,0.12516,-16.9494,0,0.05516,1,1.00152,-3.48764e-23,2.72579e-08,0.737434,0.737434,1
895,0.1253,-16.9494,0,0.0553,1,1.00153,-1.86958e-23,2.83756e-08,0.731159,0.731159,1
896,0.12544,-16.9494,0,0.05544,1,1.00154,-8.67445e-24,2.94933e-08,0.724884,0.724884,1
897,0.12558,-16.9494,0,0.05558,1,1.00154,-2.90147e-24,3.0611e-08,0.718609,0.718609,1
898,0.12572,-16.9494,0,0.05572,1,1.00155,8.2117e-26,3.17288e-08,0.712334,0.712334,1
899,0.12586,-16.9494,0,0.05586,1,1.00156,1.34874e-24,3.28465e-08,0.706058,0.706058,1
900,0.126,-16.9494,0,0.056,1,1.00157,1.64745e-24,3.39642e-08,0.699783,0.699783,1
901,0.12614,-16.9494,0,0.05614,1,1.00157,1.46492e-24,3.50819e-08,0.693508,0.693508,1
902,0.12628,-16.9494,0,0.05628,1,1.00158,1.08442e-24,3.61996e-08,0.687233,0.687233,1
903,0.12642,-16.9494,0,0.05642,1,1.00159,6.42849e-25,3.73173e-08,0.680958,0.680958,1
904,0.12656,-16.9494,0,0.05656,1,1.0016,1.8563e-25,3.8435e-08,0.674682,0.674682,1
905,0.1267,-16.9494,0,0.0567,1,1.00161,-2.80022e-25,3.95527e-08,0.668407,0.668407,1
906,0.12684,-16.9494,0,0.05684,1,1.00161,-7.33889e-25,4.06704e-08,0.662132,0.662132,1
907,0.12698,-16.9494,0,0.05698,1,1.00162,-1.09324e-24,4.17882e-08,0.655857,0.655857,1
908,0.12712,-16.9494,0,0.05712,1,1.00163,-1.16509e-24,4.29059e-08,0.649582,0.649582,1
909,0.12726,-16.9494,0,0.05726,1,1.00164,-6.0011e-25,4.40236e-08,0.643306,0.643306,1
910,0.1274,-16.9494,0,0.0574,1,1.00165,1.15172e-24,4.51413e-08,0.637031,0.637031,1
911,0.12754,-16.9494,0,0.05754,1,1.00165,4.88396e-24,4.6259e-08,0.630756,0.630756,1
912,0.12768,-16.9494,0,0.05768,1,1.00166,1.16749e-23,4.73767e-08,0.624481,0.624481,1
913,0.12782,-16.9494,0,0.05782,1,1.00167,2.29274e-23,4.84944e-08,0.618206,0.618206,1
914,0.12796,-16.9494,0,0.05796,1,1.00168,4.04069e-23,4.96122e-08,0.61193,0.61193,1
915,0.1281,-16.9494,0,0.0581,1,1.00169,2.92519e-23,5.02263e-08,0.605425,0.605425,1
916,0.12824,-16.9494,0,0.05824,1,1.00169,1.8085e-23,5.06389e-08,0.598829,0.598829,1
917,0.12838,-16.9494,0,0.05838,1,1.0017,9.51712e-24,5.10516e-08,0.592232,0.592232,1
918,0.12852,-16.9494,0,0.05852,1,1.00171,3.2062e-24,5.14642e-08,0.585635,0.585635,1
919,0.12866,-16.9494,0,0.05866,1,1.00172,-1.22367e-24,5.18769e-08,0.579038,0.579038,1
920,0.1288,-16.9494,0,0.0588,1,1.00173,-4.1607e-24,5.22896e-08,0.572441,0.572441,1
921,0.12894,-16.9494,0,0.05894,1,1.00174,-5.98493e-24,5.27022e-08,0.565845,0.565845,1
922,0.12908,-16.9494,0,0.05908,1,1.00174,-7.04832e-24,5.31149e-08,0.559248,0.559248,1
923,0.12922,-16.9494,0,0.05922,1,1.00175,-7.65566e-24,5.35276e-08,0.552651,0.552651,1
924,0.12936,-16.9494,0,0.05936,1,1.00176,-8.04598e-24,5.39402e-08,0.546054,0.546054,1
925,0.1295,-16.9494,0,0.0595,1,1.00177,-8.36946e-24,5.43529e-08,0.539457,0.539457,1
926,0.12964,-16.9494,0,0.05964,1,1.00178,-8.69657e-24,5.47655e-08,0.532861,0.532861,1
927,0.12978,-16.9494,0,0.05978,1,1.00179,-8.94863e-24,5.51782e-08,0.526264,0.526264,1
928,0.12992,-16.9494,0,0.05992,1,1.00179,-8.93462e-24,5.55909e-08,0.519667,0.519667,1
929,0.13006,-16.9494,0,0.06006,1,1.0018,-8.30928e-24,5.60035e-08,0.51307,0.51307,1
930,0.1302,-16.9494,0,0.0602,1,1.00181,-6.56355e-24,5.64162e-08,0.506473,0.506473,1
931,0.13034,-16.9494,0,0.06034,1,1.00182,-3.01028e-24,5.68288e-08,0.499877,0.499877,1
932,0.13048,-16.9494,0,0.06048,1,1.00183,3.22993e-24,5.72415e-08,0.49328,0.49328,1
933,0.13062,-16.9494,0,0.06062,1,1.00184,1.32415e-23,5.76542e-08,0.486683,0.486683,1
934,0.13076,-16.9494,0,0.06076,1,1.00184,2.8327e-23,5.80668e-08,0.480086,0.480086,1
935,0.1309,-16.9494,0,0.0609,1,1.00185,5.00194e-23,5.84795e-08,0.473489,0.473489,1
936,0.13104,-16.9494,0,0.06104,1,1.00186,5.11264e-23,5.86622e-08,0.466795,0.466795,1
937,0.13118,-16.9494,0,0.06118,1,1.00187,2.97715e-23,5.827e-08,0.459858,0.459858,1
938,0.13132,-16.9494,0,0.06132,1,1.00188,1.43527e-23,5.78778e-08,0.452921,0.452921,1
939,0.13146,-16.9494,0,0.06146,1,1.00189,3.62249e-24,5.74857e-08,0.445983,0.445983,1
940,0.1316,-16.9494,0,0.0616,1,1.0019,-3.50731e-24,5.70935e-08,0.439046,0.439046,1
941,0.13174,-16.9494,0,0.06174,1,1.0019,-7.97053e-24,5.67013e-08,0.432109,0.432109,1
942,0.13188,-16.9494,0,0.06188,1,1.00191,-1.0552e-23,5.63091e-08,0.425172,0.425172,1
943,0.13202,-16.9494,0,0.06202,1,1.00192,-1.18923e-23,5.5917e-08,0.418234,0.418234,1
944,0.13216,-16.9494,0,0.06216,1,1.00193,-1.24933e-23,5.55248e-08,0.411297,0.411297,1
945,0.1323,-16.9494,0,0.0623,1,1.00194,-1.27221e-23,5.51326e-08,0.40436,0.40436,1
946,0.13244,-16.9494,0,0.06244,1,1.00195,-1.28166e-23,5.47404e-08,0.397423,0.397423,1
947,0.13258,-16.9494,0,0.06258,1,1.00196,-1.28893e-23,5.43483e-08,0.390486,0.390486,1
948,0.13272,-16.9494,0,0.06272,1,1.00196,-1.29324e-23,5.39561e-08,0.383548,0.383548,1
949,0.13286,-16.9494,0,0.06286,1,1.00197,-1.28217e-23,5.35639e-08,0.376611,0.376611,1
950,0.133,-16.9494,0,0.063,1,1.00198,-1.23211e-23,5.31717e-08,0.369674,0.369674,1
951,0.13314,-16.9494,0,0.06314,1,1.00199,-1.10867e-23,5.27796e-08,0.362737,0.362737,1
952,0.13328,-16.9494,0,0.06328,1,1.002,-8.67059e-24,5.23874e-08,0.355799,0.355799,1
953,0.13342,-16.9494,0,0.06342,1,1.00201,-4.52547e-24,5.19952e-08,0.348862,0.348862,1
954,0.13356,-16.9494,0,0.06356,1,1.00202,1.9927e-24,5.1603e-08,0.341925,0.341925,1
955,0.1337,-16.9494,0,0.0637,1,1.00203,1.1619e-23,5.12109e-08,0.334988,0.334988,1
956,0.13384,-16.9494,0,0.06384,1,1.00204,2.5179e-23,5.08187e-08,0.32805,0.32805,1
957,0.13398,-16.9494,0,0.06398,1,1.00204,4.35806e-23,5.04265e-08,0.321113,0.321113,1
958,0.13412,-16.9494,0,0.06412,1,1.00205,2.27901e-23,4.94618e-08,0.313869,0.313869,1
959,0.13426,-16.9494,0,0.06426,1,1.00206,9.75853e-24,4.84017e-08,0.306575,0.306575,1
960,0.1344,-16.9494,0,0.0644,1,1.00207,8.55628e-25,4.73416e-08,0.29928,0.29928,1
961,0.13454,-16.9494,0,0.06454,1,1.00208,-4.93182e-24,4.62815e-08,0.291985,0.291985,1
962,0.13468,-16.9494,0,0.06468,1,1.00209,-8.44684e-24,4.52214e-08,0.28469,0.28469,1
963,0.13482,-16.9494,0,0.06482,1,1.0021,-1.03742e-23,4.41613e-08,0.277396,0.277396,1
964,0.13496,-16.9494,0,0.06496,1,1.00211,-1.12564e-23,4.31012e-08,0.270101,0.270101,1
965,0.1351,-16.9494,0,0.0651,1,1.00212,-1.15063e-23,4.20411e-08,0.262806,0.262806,1
966,0.13524,-16.9494,0,0.06524,1,1.00213,-1.14212e-23,4.0981e-08,0.255511,0.255511,1
967,0.13538,-16.9494,0,0.06538,1,1.00214,-1.11955e-23,3.99209e-08,0.248217,0.248217,1
968,0.13552,-16.9494,0,0.06552,1,1.00214,-1.09334e-23,3.88608e-08,0.240922,0.240922,1
969,0.13566,-16.9494,0,0.06566,1,1.00215,-1.06615e-23,3.78007e-08,0.233628,0.233628,1
970,0.1358,-16.9494,0,0.0658,1,1.00216,-1.034e-23,3.67406e-08,0.226333,0.226333,1
971,0.13594,-16.9494,0,0.06594,1,1.00217,-9.87506e-24,3.56805e-08,0.219038,0.219038,1
972,0.13608,-16.9494,0,0.06608,1,1.00218,-9.1294e-24,3.46204e-08,0.211743,0.211743,1
973,0.13622,-16.9494,0,0.06622,1,1.00219,-7.93356e-24,3.35603e-08,0.204449,0.204449,1
974,0.13636,-16.9494,0,0.06636,1,1.0022,-6.09619e-24,3.25002e-08,0.197154,0.197154,1
975,0.1365,-16.9494,0,0.0665,1,1.00221,-3.41427e-24,3.14401e-08,0.189859,0.189859,1
976,0.13664,-16.9494,0,0.06664,1,1.00222,3.16441e-25,3.038e-08,0.182565,0.182565,1
977,0.13678,-16.9494,0,0.06678,1,1.00223,5.29288e-24,2.93199e-08,0.17527,0.17527,1
978,0.13692,-16.9494,0,0.06692,1,1.00224,1.16937e-23,2.82598e-08,0.167975,0.167975,1
979,0.13706,-16.9494,0,0.06706,1,1.00225,9.42929e-24,2.71009e-08,0.160531,0.160531,1
980,0.1372,-16.9494,0,0.0672,1,1.00226,3.39946e-24,2.58104e-08,0.152886,0.152886,1
981,0.13734,-16.9494,0,0.06734,1,1.00226,-5.91707e-25,2.45199e-08,0.145242,0.145242,1
982,0.13748,-16.9494,0,0.06748,1,1.00227,-3.07241e-24,2.32294e-08,0.137598,0.137598,1
983,0.13762,-16.9494,0,0.06762,1,1.00228,-4.47123e-24,2.19388e-08,0.129953,0.129953,1
984,0.13776,-16.9494,0,0.06776,1,1.00229,-5.12702e-24,2.06483e-08,0.122309,0.122309,1
985,0.1379,-16.9494,0,0.0679,1,1.0023,-5.30031e-24,1.93578e-08,0.114665,0.114665,1
986,0.13804,-16.9494,0,0.06804,1,1.00231,-5.18333e-24,1.80673e-08,0.10702,0.10702,1
987,0.13818,-16.9494,0,0.06818,1,1.00232,-4.91031e-24,1.67767e-08,0.099376,0.099376,1
988,0.13832,-16.9494,0,0.06832,1,1.00233,-4.56728e-24,1.54862e-08,0.0917319,0.0917319,1
989,0.13846,-16.9494,0,0.06846,1,1.00234,-4.2015e-24,1.41957e-08,0.0840873,0.0840873,1
990,0.1386,-16.9494,0,0.0686,1,1.00235,-3.83093e-24,1.29052e-08,0.0764432,0.0764432,1
991,0.13874,-16.9494,0,0.06874,1,1.00236,-3.453e-24,1.16147e-08,0.0687987,0.0687987,1
992,0.13888,-16.9494,0,0.06888,1,1.00237,-3.05353e-24,1.03242e-08,0.0611546,0.0611546,1
993,0.13902,-16.9494,0,0.06902,1,1.00238,-2.61505e-24,9.03361e-09,0.05351,0.05351,1
994,0.13916,-16.9494,0,0.06916,1,1.00239,-2.12519e-24,7.74312e-09,0.0458659,0.0458659,1
995,0.1393,-16.9494,0,0.0693,1,1.0024,-1.58442e-24,6.45257e-09,0.0382214,0.0382214,1
996,0.13944,-16.9494,0,0.06944,1,1.00241,-1.01407e-24,5.16208e-09,0.0305773,0.0305773,1
997,0.13958,-16.9494,0,0.06958,1,1.00242,-4.63532e-25,3.87153e-09,0.0229328,0.0229328,1
998,0.13972,-16.9494,0,0.06972,1,1.00243,-1.78224e-26,2.58104e-09,0.0152886,0.0152886,1
999,0.13986,-16.9494,0,0.06986,1,1.00244,1.95636e-25,1.29049e-09,0.00764412,0.00764412,1
1000,0.14,-16.9494,0,0.07,1,1.00245,-3.37437e-38,-9.21062e-23,-5.45586e-16,5.45586e-16,1
