Point ID,arc_length,nu,p,Points_0,Points_1,Points_2,Points_Magnitude,U_0,U_1,U_2,U_Magnitude,vtkValidPointMask
0,0,0.00542405,9.17286,0,-0.07,1,1.00245,0,0,0,0,1
1,0.000139996,0.00542626,9.17286,0,-0.06986,1,1.00244,-6.31503e-12,-1.34986e-11,0.00783315,0.00783315,1
2,0.00028,0.00542847,9.17286,0,-0.06972,1,1.00243,-1.26304e-11,-2.6998e-11,0.0156667,0.0156667,1
3,0.000419997,0.00543068,9.17286,0,-0.06958,1,1.00242,-1.89454e-11,-4.04966e-11,0.0234999,0.0234999,1
4,0.000560001,0.0054329,9.17286,0,-0.06944,1,1.00241,-2.52608e-11,-5.39959e-11,0.0313334,0.0313334,1
5,0.000699997,0.00543511,9.17286,0,-0.0693,1,1.0024,-3.15758e-11,-6.74945e-11,0.0391666,0.0391666,1
6,0.000840001,0.00543732,9.17286,0,-0.06916,1,1.00239,-3.78912e-11,-8.09939e-11,0.0470001,0.0470001,1
7,0.000979997,0.00543953,9.17286,0,-0.06902,1,1.00238,-4.42062e-11,-9.44925e-11,0.0548333,0.0548333,1
8,0.00112,0.00544174,9.17286,0,-0.06888,1,1.00237,-5.05216e-11,-1.07992e-10,0.0626668,0.0626668,1
9,0.00126,0.00544395,9.17286,0,-0.06874,1,1.00236,-5.68366e-11,-1.2149e-10,0.0705,0.0705,1
10,0.0014,0.00544616,9.17286,0,-0.0686,1,1.00235,-6.3152e-11,-1.3499e-10,0.0783335,0.0783335,1
11,0.00154,0.00544838,9.17286,0,-0.06846,1,1.00234,-6.9467e-11,-1.48488e-10,0.0861667,0.0861667,1
12,0.00168,0.00545059,9.17286,0,-0.06832,1,1.00233,-7.57824e-11,-1.61988e-10,0.0940003,0.0940003,1
13,0.00182,0.0054528,9.17286,0,-0.06818,1,1.00232,-8.20974e-11,-1.75486e-10,0.101833,0.101833,1
14,0.00196,0.00545501,9.17286,0,-0.06804,1,1.00231,-8.84128e-11,-1.88986e-10,0.109667,0.109667,1
15,0.0021,0.00545722,9.17286,0,-0.0679,1,1.0023,-9.47279e-11,-2.02484e-10,0.1175,0.1175,1
16,0.00224,0.00545943,9.17286,0,-0.06776,1,1.00229,-1.01043e-10,-2.15984e-10,0.125334,0.125334,1
17,0.00238,0.00546164,9.17286,0,-0.06762,1,1.00228,-1.07358e-10,-2.29482e-10,0.133167,0.133167,1
18,0.00252,0.00546386,9.17286,0,-0.06748,1,1.00227,-1.13674e-10,-2.42982e-10,0.141,0.141,1
19,0.00266,0.00546607,9.17286,0,-0.06734,1,1.00226,-1.19989e-10,-2.5648e-10,0.148834,0.148834,1
20,0.0028,0.00546828,9.17286,0,-0.0672,1,1.00226,-1.26304e-10,-2.6998e-10,0.156667,0.156667,1
21,0.00294,0.00547049,9.17286,0,-0.06706,1,1.00225,-1.32619e-10,-2.83478e-10,0.1645,0.1645,1
22,0.00308,0.0054727,9.17286,0,-0.06692,1,1.00224,-1.38934e-10,-2.96977e-10,0.172334,0.172334,1
23,0.00322,0.00547491,9.17286,0,-0.06678,1,1.00223,-1.45249e-10,-3.10476e-10,0.180167,0.180167,1
24,0.00336,0.00547712,9.17286,0,-0.06664,1,1.00222,-1.51565e-10,-3.23975e-10,0.188001,0.188001,1
25,0.0035,0.00547934,9.17286,0,-0.0665,1,1.00221,-1.5788e-10,-3.37474e-10,0.195834,0.195834,1
26,0.00364,0.00548155,9.17286,0,-0.06636,1,1.0022,-1.64195e-10,-3.50973e-10,0.203667,0.203667,1
27,0.00378,0.00548377,9.17286,0,-0.06622,1,1.00219,-1.69272e-10,-3.61603e-10,0.211388,0.211388,1
28,0.00392,0.00548606,9.17286,0,-0.06608,1,1.00218,-1.69807e-10,-3.61714e-10,0.218697,0.218697,1
29,0.00406,0.00548834,9.17286,0,-0.06594,1,1.00217,-1.70342e-10,-3.61824e-10,0.226006,0.226006,1
30,0.0042,0.00549063,9.17286,0,-0.0658,1,1.00216,-1.70877e-10,-3.61935e-10,0.233315,0.233315,1
31,0.00434,0.00549291,9.17286,0,-0.06566,1,1.00215,-1.71412e-10,-3.62045e-10,0.240625,0.240625,1
32,0.00448,0.0054952,9.17286,0,-0.06552,1,1.00214,-1.71947e-10,-3.62156e-10,0.247934,0.247934,1
33,0.00462,0.00549748,9.17286,0,-0.06538,1,1.00214,-1.72482e-10,-3.62266e-10,0.255243,0.255243,1
34,0.00476,0.00549977,9.17286,0,-0.06524,1,1.00213,-1.73017e-10,-3.62377e-10,0.262552,0.262552,1
35,0.0049,0.00550205,9.17286,0,-0.0651,1,1.00212,-1.73553e-10,-3.62487e-10,0.269861,0.269861,1
36,0.00504,0.00550434,9.17286,0,-0.06496,1,1.00211,-1.74088e-10,-3.62598e-10,0.27717,0.27717,1
37,0.00518,0.00550662,9.17286,0,-0.06482,1,1.0021,-1.74623e-10,-3.62708e-10,0.28448,0.28448,1
38,0.00532,0.00550891,9.17286,0,-0.06468,1,1.00209,-1.75158e-10,-3.62818e-10,0.291789,0.291789,1
39,0.00546,0.00551119,9.17286,0,-0.06454,1,1.00208,-1.75693e-10,-3.62929e-10,0.299098,0.299098,1
40,0.0056,0.00551348,9.17286,0,-0.0644,1,1.00207,-1.76228e-10,-3.63039e-10,0.306407,0.306407,1
41,0.00574,0.00551576,9.17286,0,-0.06426,1,1.00206,-1.76763e-10,-3.6315e-10,0.313716,0.313716,1
42,0.00588,0.00551805,9.17286,0,-0.06412,1,1.00205,-1.77298e-10,-3.6326e-10,0.321025,0.321025,1
43,0.00602,0.00552033,9.17286,0,-0.06398,1,1.00204,-1.77833e-10,-3.63371e-10,0.328334,0.328334,1
44,0.00616,0.00552262,9.17286,0,-0.06384,1,1.00204,-1.78368e-10,-3.63481e-10,0.335643,0.335643,1
45,0.0063,0.0055249,9.17286,0,-0.0637,1,1.00203,-1.78904e-10,-3.63592e-10,0.342953,0.342953,1
46,0.00644,0.00552719,9.17286,0,-0.06356,1,1.00202,-1.79439e-10,-3.63702e-10,0.350262,0.350262,1
47,0.00658,0.00552947,9.17286,0,-0.06342,1,1.00201,-1.79974e-10,-3.63813e-10,0.357571,0.357571,1
48,0.00672,0.00553176,9.17286,0,-0.06328,1,1.002,-1.80509e-10,-3.63923e-10,0.36488,0.36488,1
49,0.00686,0.00553404,9.17286,0,-0.06314,1,1.00199,-1.81044e-10,-3.64034e-10,0.372189,0.372189,1
50,0.007,0.00553632,9.17286,0,-0.063,1,1.00198,-1.81579e-10,-3.64144e-10,0.379498,0.379498,1
51,0.00714,0.00553861,9.17286,0,-0.06286,1,1.00197,-1.82114e-10,-3.64254e-10,0.386808,0.386808,1
52,0.00728,0.00554089,9.17286,0,-0.06272,1,1.00196,-1.82649e-10,-3.64365e-10,0.394117,0.394117,1
53,0.00742,0.00554318,9.17286,0,-0.06258,1,1.00196,-1.83184e-10,-3.64475e-10,0.401426,0.401426,1
54,0.00756,0.00554548,9.17286,0,-0.06244,1,1.00195,-1.82725e-10,-3.56895e-10,0.408512,0.408512,1
55,0.0077,0.0055478,9.17286,0,-0.0623,1,1.00194,-1.80939e-10,-3.3906e-10,0.415301,0.415301,1
56,0.00784,0.00555012,9.17286,0,-0.06216,1,1.00193,-1.79153e-10,-3.21225e-10,0.42209,0.42209,1
57,0.00798,0.00555244,9.17286,0,-0.06202,1,1.00192,-1.77366e-10,-3.0339e-10,0.42888,0.42888,1
58,0.00812,0.00555476,9.17286,0,-0.06188,1,1.00191,-1.7558e-10,-2.85555e-10,0.435669,0.435669,1
59,0.00826,0.00555708,9.17286,0,-0.06174,1,1.0019,-1.73794e-10,-2.67719e-10,0.442458,0.442458,1
60,0.0084,0.00555941,9.17286,0,-0.0616,1,1.0019,-1.72008e-10,-2.49884e-10,0.449247,0.449247,1
61,0.00854,0.00556173,9.17286,0,-0.06146,1,1.00189,-1.70222e-10,-2.32049e-10,0.456036,0.456036,1
62,0.00868,0.00556405,9.17286,0,-0.06132,1,1.00188,-1.68436e-10,-2.14214e-10,0.462825,0.462825,1
63,0.00882,0.00556637,9.17286,0,-0.06118,1,1.00187,-1.6665e-10,-1.96379e-10,0.469615,0.469615,1
64,0.00896,0.00556869,9.17286,0,-0.06104,1,1.00186,-1.64864e-10,-1.78544e-10,0.476404,0.476404,1
65,0.0091,0.00557101,9.17286,0,-0.0609,1,1.00185,-1.63078e-10,-1.60709e-10,0.483193,0.483193,1
66,0.00924,0.00557333,9.17286,0,-0.06076,1,1.00184,-1.61292e-10,-1.42874e-10,0.489982,0.489982,1
67,0.00938,0.00557565,9.17286,0,-0.06062,1,1.00184,-1.59506e-10,-1.25039e-10,0.496771,0.496771,1
68,0.00952,0.00557797,9.17286,0,-0.06048,1,1.00183,-1.5772e-10,-1.07203e-10,0.50356,0.50356,1
69,0.00966,0.00558029,9.17286,0,-0.06034,1,1.00182,-1.55934e-10,-8.93684e-11,0.51035,0.51035,1
70,0.0098,0.00558262,9.17286,0,-0.0602,1,1.00181,-1.54148e-10,-7.15337e-11,0.517139,0.517139,1
71,0.00994,0.00558494,9.17286,0,-0.06006,1,1.0018,-1.52362e-10,-5.36986e-11,0.523928,0.523928,1
72,0.01008,0.00558726,9.17286,0,-0.05992,1,1.00179,-1.50576e-10,-3.58635e-11,0.530717,0.530717,1
73,0.01022,0.00558958,9.17286,0,-0.05978,1,1.00179,-1.4879e-10,-1.80284e-11,0.537506,0.537506,1
74,0.01036,0.0055919,9.17286,0,-0.05964,1,1.00178,-1.47004e-10,-1.93298e-13,0.544295,0.544295,1
75,0.0105,0.00559422,9.17286,0,-0.0595,1,1.00177,-1.45218e-10,1.76418e-11,0.551084,0.551084,1
76,0.01064,0.00559654,9.17286,0,-0.05936,1,1.00176,-1.43432e-10,3.54769e-11,0.557874,0.557874,1
77,0.01078,0.00559886,9.17286,0,-0.05922,1,1.00175,-1.41646e-10,5.3312e-11,0.564663,0.564663,1
78,0.01092,0.00560118,9.17286,0,-0.05908,1,1.00174,-1.3986e-10,7.11471e-11,0.571452,0.571452,1
79,0.01106,0.00560351,9.17286,0,-0.05894,1,1.00174,-1.38074e-10,8.89822e-11,0.578241,0.578241,1
80,0.0112,0.00560583,9.17286,0,-0.0588,1,1.00173,-1.36288e-10,1.06817e-10,0.58503,0.58503,1
81,0.01134,0.00560815,9.17286,0,-0.05866,1,1.00172,-1.34877e-10,1.35085e-10,0.591509,0.591509,1
82,0.01148,0.00561047,9.17286,0,-0.05852,1,1.00171,-1.33673e-10,1.69149e-10,0.597816,0.597816,1
83,0.01162,0.0056128,9.17286,0,-0.05838,1,1.0017,-1.3247e-10,2.03212e-10,0.604123,0.604123,1
84,0.01176,0.00561512,9.17286,0,-0.05824,1,1.00169,-1.31267e-10,2.37276e-10,0.61043,0.61043,1
85,0.0119,0.00561745,9.17286,0,-0.0581,1,1.00169,-1.30064e-10,2.7134e-10,0.616737,0.616737,1
86,0.01204,0.00561977,9.17286,0,-0.05796,1,1.00168,-1.28861e-10,3.05404e-10,0.623044,0.623044,1
87,0.01218,0.0056221,9.17286,0,-0.05782,1,1.00167,-1.27657e-10,3.39467e-10,0.629351,0.629351,1
88,0.01232,0.00562442,9.17286,0,-0.05768,1,1.00166,-1.26454e-10,3.73531e-10,0.635659,0.635659,1
89,0.01246,0.00562675,9.17286,0,-0.05754,1,1.00165,-1.25251e-10,4.07595e-10,0.641966,0.641966,1
90,0.0126,0.00562907,9.17286,0,-0.0574,1,1.00165,-1.24048e-10,4.41659e-10,0.648273,0.648273,1
91,0.01274,0.0056314,9.17286,0,-0.05726,1,1.00164,-1.22844e-10,4.75722e-10,0.65458,0.65458,1
92,0.01288,0.00563372,9.17286,0,-0.05712,1,1.00163,-1.21641e-10,5.09786e-10,0.660887,0.660887,1
93,0.01302,0.00563605,9.17286,0,-0.05698,1,1.00162,-1.20438e-10,5.4385e-10,0.667194,0.667194,1
94,0.01316,0.00563837,9.17286,0,-0.05684,1,1.00161,-1.19235e-10,5.77913e-10,0.673501,0.673501,1
95,0.0133,0.0056407,9.17286,0,-0.0567,1,1.00161,-1.18032e-10,6.11977e-10,0.679808,0.679808,1
96,0.01344,0.00564302,9.17286,0,-0.05656,1,1.0016,-1.16828e-10,6.46041e-10,0.686115,0.686115,1
97,0.01358,0.00564535,9.17286,0,-0.05642,1,1.00159,-1.15625e-10,6.80105e-10,0.692422,0.692422,1
98,0.01372,0.00564767,9.17286,0,-0.05628,1,1.00158,-1.14422e-10,7.14167e-10,0.698728,0.698728,1
99,0.01386,0.00565,9.17286,0,-0.05614,1,1.00157,-1.13219e-10,7.48231e-10,0.705035,0.705035,1
100,0.014,0.00565232,9.17286,0,-0.056,1,1.00157,-1.12016e-10,7.82295e-10,0.711342,0.711342,1
101,0.01414,0.00565465,9.17286,0,-0.05586,1,1.00156,-1.10812e-10,8.16359e-10,0.717649,0.717649,1
102,0.01428,0.00565697,9.17286,0,-0.05572,1,1.00155,-1.09609e-10,8.50422e-10,0.723956,0.723956,1
103,0.01442,0.0056593,9.17286,0,-0.05558,1,1.00154,-1.08406e-10,8.84486e-10,0.730263,0.730263,1
104,0.01456,0.00566162,9.17286,0,-0.05544,1,1.00154,-1.07203e-10,9.1855e-10,0.73657,0.73657,1
105,0.0147,0.00566395,9.17286,0,-0.0553,1,1.00153,-1.05999e-10,9.52614e-10,0.742877,0.742877,1
106,0.01484,0.00566627,9.17286,0,-0.05516,1,1.00152,-1.04796e-10,9.86677e-10,0.749184,0.749184,1
107,0.01498,0.0056686,9.17286,0,-0.05502,1,1.00151,-1.03593e-10,1.02074e-09,0.755491,0.755491,1
108,0.01512,0.00567088,9.17286,0,-0.05488,1,1.0015,-1.02926e-10,1.06259e-09,0.761422,0.761422,1
109,0.01526,0.00567315,9.17286,0,-0.05474,1,1.0015,-1.02349e-10,1.10574e-09,0.767289,0.767289,1
110,0.0154,0.00567543,9.17286,0,-0.0546,1,1.00149,-1.01772e-10,1.14888e-09,0.773156,0.773156,1
111,0.01554,0.0056777,9.17286,0,-0.05446,1,1.00148,-1.01194e-10,1.19203e-09,0.779024,0.779024,1
112,0.01568,0.00567997,9.17286,0,-0.05432,1,1.00147,-1.00617e-10,1.23517e-09,0.784891,0.784891,1
113,0.01582,0.00568225,9.17286,0,-0.05418,1,1.00147,-1.0004e-10,1.27832e-09,0.790758,0.790758,1
114,0.01596,0.00568452,9.17286,0,-0.05404,1,1.00146,-9.94624e-11,1.32146e-09,0.796626,0.796626,1
115,0.0161,0.0056868,9.17286,0,-0.0539,1,1.00145,-9.8885e-11,1.36461e-09,0.802493,0.802493,1
116,0.01624,0.00568907,9.17286,0,-0.05376,1,1.00144,-9.83077e-11,1.40776e-09,0.808361,0.808361,1
117,0.01638,0.00569134,9.17286,0,-0.05362,1,1.00144,-9.77304e-11,1.4509e-09,0.814228,0.814228,1
118,0.01652,0.00569362,9.17286,0,-0.05348,1,1.00143,-9.71531e-11,1.49405e-09,0.820095,0.820095,1
119,0.01666,0.00569589,9.17286,0,-0.05334,1,1.00142,-9.65758e-11,1.53719e-09,0.825963,0.825963,1
120,0.0168,0.00569817,9.17286,0,-0.0532,1,1.00141,-9.59985e-11,1.58034e-09,0.83183,0.83183,1
121,0.01694,0.00570044,9.17286,0,-0.05306,1,1.00141,-9.54211e-11,1.62349e-09,0.837697,0.837697,1
122,0.01708,0.00570271,9.17286,0,-0.05292,1,1.0014,-9.48438e-11,1.66663e-09,0.843565,0.843565,1
123,0.01722,0.00570499,9.17286,0,-0.05278,1,1.00139,-9.42665e-11,1.70978e-09,0.849432,0.849432,1
124,0.01736,0.00570726,9.17286,0,-0.05264,1,1.00138,-9.36892e-11,1.75292e-09,0.855299,0.855299,1
125,0.0175,0.00570954,9.17286,0,-0.0525,1,1.00138,-9.31119e-11,1.79607e-09,0.861167,0.861167,1
126,0.01764,0.00571181,9.17286,0,-0.05236,1,1.00137,-9.25346e-11,1.83921e-09,0.867034,0.867034,1
127,0.01778,0.00571408,9.17286,0,-0.05222,1,1.00136,-9.19572e-11,1.88236e-09,0.872901,0.872901,1
128,0.01792,0.00571636,9.17286,0,-0.05208,1,1.00136,-9.13799e-11,1.92551e-09,0.878769,0.878769,1
129,0.01806,0.00571863,9.17286,0,-0.05194,1,1.00135,-9.08026e-11,1.96865e-09,0.884636,0.884636,1
130,0.0182,0.00572091,9.17286,0,-0.0518,1,1.00134,-9.02253e-11,2.0118e-09,0.890504,0.890504,1
131,0.01834,0.00572318,9.17286,0,-0.05166,1,1.00133,-8.9648e-11,2.05494e-09,0.896371,0.896371,1
132,0.01848,0.00572545,9.17286,0,-0.05152,1,1.00133,-8.90707e-11,2.09809e-09,0.902238,0.902238,1
133,0.01862,0.00572773,9.17286,0,-0.05138,1,1.00132,-8.84933e-11,2.14123e-09,0.908106,0.908106,1
134,0.01876,0.00572999,9.17286,0,-0.05124,1,1.00131,-8.79213e-11,2.18521e-09,0.913945,0.913945,1
135,0.0189,0.00573212,9.17286,0,-0.0511,1,1.0013,-8.74178e-11,2.23991e-09,0.919423,0.919423,1
136,0.01904,0.00573425,9.17286,0,-0.05096,1,1.0013,-8.69143e-11,2.29461e-09,0.924901,0.924901,1
137,0.01918,0.00573638,9.17286,0,-0.05082,1,1.00129,-8.64107e-11,2.34932e-09,0.930379,0.930379,1
138,0.01932,0.00573851,9.17286,0,-0.05068,1,1.00128,-8.59072e-11,2.40402e-09,0.935857,0.935857,1
139,0.01946,0.00574064,9.17286,0,-0.05054,1,1.00128,-8.54037e-11,2.45873e-09,0.941335,0.941335,1
140,0.0196,0.00574277,9.17286,0,-0.0504,1,1.00127,-8.49002e-11,2.51343e-09,0.946813,0.946813,1
141,0.01974,0.0057449,9.17286,0,-0.05026,1,1.00126,-8.43967e-11,2.56814e-09,0.952291,0.952291,1
142,0.01988,0.00574703,9.17286,0,-0.05012,1,1.00126,-8.38931e-11,2.62284e-09,0.957769,0.957769,1
143,0.02002,0.00574916,9.17286,0,-0.04998,1,1.00125,-8.33896e-11,2.67755e-09,0.963247,0.963247,1
144,0.02016,0.0057513,9.17286,0,-0.04984,1,1.00124,-8.28861e-11,2.73225e-09,0.968725,0.968725,1
145,0.0203,0.00575342,9.17286,0,-0.0497,1,1.00123,-8.23826e-11,2.78696e-09,0.974203,0.974203,1
146,0.02044,0.00575556,9.17286,0,-0.04956,1,1.00123,-8.18791e-11,2.84166e-09,0.979681,0.979681,1
147,0.02058,0.00575769,9.17286,0,-0.04942,1,1.00122,-8.13755e-11,2.89636e-09,0.985159,0.985159,1
148,0.02072,0.00575982,9.17286,0,-0.04928,1,1.00121,-8.0872e-11,2.95107e-09,0.990637,0.990637,1
149,0.02086,0.00576195,9.17286,0,-0.04914,1,1.00121,-8.03685e-11,3.00577e-09,0.996116,0.996116,1
150,0.021,0.00576408,9.17286,0,-0.049,1,1.0012,-7.9865e-11,3.06048e-09,1.00159,1.00159,1
151,0.02114,0.00576621,9.17286,0,-0.04886,1,1.00119,-7.93615e-11,3.11518e-09,1.00707,1.00707,1
152,0.02128,0.00576834,9.17286,0,-0.04872,1,1.00119,-7.8858e-11,3.16989e-09,1.01255,1.01255,1
153,0.02142,0.00577047,9.17286,0,-0.04858,1,1.00118,-7.83544e-11,3.22459e-09,1.01803,1.01803,1
154,0.02156,0.0057726,9.17286,0,-0.04844,1,1.00117,-7.78509e-11,3.2793e-09,1.02351,1.02351,1
155,0.0217,0.00577473,9.17286,0,-0.0483,1,1.00117,-7.73474e-11,3.334e-09,1.02898,1.02898,1
156,0.02184,0.00577686,9.17286,0,-0.04816,1,1.00116,-7.68439e-11,3.3887e-09,1.03446,1.03446,1
157,0.02198,0.00577899,9.17286,0,-0.04802,1,1.00115,-7.63404e-11,3.44341e-09,1.03994,1.03994,1
158,0.02212,0.00578112,9.17286,0,-0.04788,1,1.00115,-7.58369e-11,3.49811e-09,1.04542,1.04542,1
159,0.02226,0.00578325,9.17286,0,-0.04774,1,1.00114,-7.53333e-11,3.55282e-09,1.0509,1.0509,1
160,0.0224,0.00578538,9.17286,0,-0.0476,1,1.00113,-7.48298e-11,3.60752e-09,1.05637,1.05637,1
161,0.02254,0.00578744,9.17286,0,-0.04746,1,1.00113,-7.40052e-11,3.663e-09,1.06176,1.06176,1
162,0.02268,0.00578931,9.17286,0,-0.04732,1,1.00112,-7.23779e-11,3.72039e-09,1.06691,1.06691,1
163,0.02282,0.00579119,9.17286,0,-0.04718,1,1.00111,-7.07505e-11,3.77778e-09,1.07206,1.07206,1
164,0.02296,0.00579307,9.17286,0,-0.04704,1,1.00111,-6.91232e-11,3.83518e-09,1.07721,1.07721,1
165,0.0231,0.00579494,9.17286,0,-0.0469,1,1.0011,-6.74958e-11,3.89257e-09,1.08236,1.08236,1
166,0.02324,0.00579682,9.17286,0,-0.04676,1,1.00109,-6.58685e-11,3.94996e-09,1.08751,1.08751,1
167,0.02338,0.0057987,9.17286,0,-0.04662,1,1.00109,-6.42411e-11,4.00736e-09,1.09266,1.09266,1
168,0.02352,0.00580057,9.17286,0,-0.04648,1,1.00108,-6.26138e-11,4.06475e-09,1.09782,1.09782,1
169,0.02366,0.00580245,9.17286,0,-0.04634,1,1.00107,-6.09864e-11,4.12215e-09,1.10297,1.10297,1
170,0.0238,0.00580433,9.17286,0,-0.0462,1,1.00107,-5.93591e-11,4.17954e-09,1.10812,1.10812,1
171,0.02394,0.0058062,9.17286,0,-0.04606,1,1.00106,-5.77317e-11,4.23693e-09,1.11327,1.11327,1
172,0.02408,0.00580808,9.17286,0,-0.04592,1,1.00105,-5.61044e-11,4.29433e-09,1.11842,1.11842,1
173,0.02422,0.00580995,9.17286,0,-0.04578,1,1.00105,-5.4477e-11,4.35172e-09,1.12357,1.12357,1
174,0.02436,0.00581183,9.17286,0,-0.04564,1,1.00104,-5.28497e-11,4.40912e-09,1.12872,1.12872,1
175,0.0245,0.00581371,9.17286,0,-0.0455,1,1.00103,-5.12223e-11,4.46651e-09,1.13387,1.13387,1
176,0.02464,0.00581558,9.17286,0,-0.04536,1,1.00103,-4.9595e-11,4.5239e-09,1.13902,1.13902,1
177,0.02478,0.00581746,9.17286,0,-0.04522,1,1.00102,-4.79677e-11,4.5813e-09,1.14417,1.14417,1
178,0.02492,0.00581934,9.17286,0,-0.04508,1,1.00102,-4.63403e-11,4.63869e-09,1.14933,1.14933,1
179,0.02506,0.00582121,9.17286,0,-0.04494,1,1.00101,-4.4713e-11,4.69609e-09,1.15448,1.15448,1
180,0.0252,0.00582309,9.17286,0,-0.0448,1,1.001,-4.30856e-11,4.75348e-09,1.15963,1.15963,1
181,0.02534,0.00582497,9.17286,0,-0.04466,1,1.001,-4.14583e-11,4.81087e-09,1.16478,1.16478,1
182,0.02548,0.00582684,9.17286,0,-0.04452,1,1.00099,-3.9831e-11,4.86827e-09,1.16993,1.16993,1
183,0.02562,0.00582872,9.17286,0,-0.04438,1,1.00098,-3.82036e-11,4.92566e-09,1.17508,1.17508,1
184,0.02576,0.0058306,9.17286,0,-0.04424,1,1.00098,-3.65763e-11,4.98305e-09,1.18023,1.18023,1
185,0.0259,0.00583247,9.17286,0,-0.0441,1,1.00097,-3.49489e-11,5.04045e-09,1.18538,1.18538,1
186,0.02604,0.00583435,9.17286,0,-0.04396,1,1.00097,-3.33216e-11,5.09784e-09,1.19053,1.19053,1
187,0.02618,0.00583623,9.17286,0,-0.04382,1,1.00096,-3.16942e-11,5.15524e-09,1.19568,1.19568,1
188,0.02632,0.00583908,9.17286,0,-0.04368,1,1.00095,-2.86249e-11,5.20654e-09,1.20172,1.20172,1
189,0.02646,0.00584292,9.17286,0,-0.04354,1,1.00095,-2.41135e-11,5.25174e-09,1.20863,1.20863,1
190,0.0266,0.00584675,9.17286,0,-0.0434,1,1.00094,-1.96022e-11,5.29694e-09,1.21554,1.21554,1
191,0.02674,0.00585059,9.17286,0,-0.04326,1,1.00094,-1.50908e-11,5.34215e-09,1.22245,1.22245,1
192,0.02688,0.00585442,9.17286,0,-0.04312,1,1.00093,-1.05794e-11,5.38735e-09,1.22936,1.22936,1
193,0.02702,0.00585826,9.17286,0,-0.04298,1,1.00092,-6.06805e-12,5.43256e-09,1.23627,1.23627,1
194,0.02716,0.00586209,9.17286,0,-0.04284,1,1.00092,-1.55669e-12,5.47776e-09,1.24318,1.24318,1
195,0.0273,0.00586592,9.17286,0,-0.0427,1,1.00091,2.95468e-12,5.52297e-09,1.25009,1.25009,1
196,0.02744,0.00586976,9.17286,0,-0.04256,1,1.00091,7.46605e-12,5.56817e-09,1.257,1.257,1
197,0.02758,0.00587359,9.17286,0,-0.04242,1,1.0009,1.19774e-11,5.61338e-09,1.26392,1.26392,1
198,0.02772,0.00587743,9.17286,0,-0.04228,1,1.00089,1.64888e-11,5.65858e-09,1.27083,1.27083,1
199,0.02786,0.00588126,9.17286,0,-0.04214,1,1.00089,2.10002e-11,5.70379e-09,1.27774,1.27774,1
200,0.028,0.0058851,9.17286,0,-0.042,1,1.00088,2.55115e-11,5.74899e-09,1.28465,1.28465,1
201,0.02814,0.00588893,9.17286,0,-0.04186,1,1.00088,3.00229e-11,5.7942e-09,1.29156,1.29156,1
202,0.02828,0.00589277,9.17286,0,-0.04172,1,1.00087,3.45343e-11,5.8394e-09,1.29847,1.29847,1
203,0.02842,0.0058966,9.17286,0,-0.04158,1,1.00086,3.90456e-11,5.88461e-09,1.30538,1.30538,1
204,0.02856,0.00590044,9.17286,0,-0.04144,1,1.00086,4.3557e-11,5.92981e-09,1.31229,1.31229,1
205,0.0287,0.00590427,9.17286,0,-0.0413,1,1.00085,4.80684e-11,5.97501e-09,1.31921,1.31921,1
206,0.02884,0.00590811,9.17286,0,-0.04116,1,1.00085,5.25797e-11,6.02022e-09,1.32612,1.32612,1
207,0.02898,0.00591194,9.17286,0,-0.04102,1,1.00084,5.70911e-11,6.06542e-09,1.33303,1.33303,1
208,0.02912,0.00591578,9.17286,0,-0.04088,1,1.00084,6.16025e-11,6.11063e-09,1.33994,1.33994,1
209,0.02926,0.00591961,9.17286,0,-0.04074,1,1.00083,6.61137e-11,6.15583e-09,1.34685,1.34685,1
210,0.0294,0.00592345,9.17286,0,-0.0406,1,1.00082,7.06251e-11,6.20104e-09,1.35376,1.35376,1
211,0.02954,0.00592728,9.17286,0,-0.04046,1,1.00082,7.51365e-11,6.24624e-09,1.36067,1.36067,1
212,0.02968,0.00593111,9.17286,0,-0.04032,1,1.00081,7.96478e-11,6.29145e-09,1.36758,1.36758,1
213,0.02982,0.00593495,9.17286,0,-0.04018,1,1.00081,8.41592e-11,6.33665e-09,1.37449,1.37449,1
214,0.02996,0.00593878,9.17286,0,-0.04004,1,1.0008,8.86706e-11,6.38186e-09,1.38141,1.38141,1
215,0.0301,0.0059427,9.17286,0,-0.0399,1,1.0008,9.11793e-11,6.39852e-09,1.38576,1.38576,1
216,0.03024,0.00594664,9.17286,0,-0.03976,1,1.00079,9.28868e-11,6.40377e-09,1.38909,1.38909,1
217,0.03038,0.00595059,9.17286,0,-0.03962,1,1.00078,9.45944e-11,6.40902e-09,1.39242,1.39242,1
218,0.03052,0.00595454,9.17286,0,-0.03948,1,1.00078,9.63019e-11,6.41427e-09,1.39575,1.39575,1
219,0.03066,0.00595848,9.17286,0,-0.03934,1,1.00077,9.80095e-11,6.41953e-09,1.39908,1.39908,1
220,0.0308,0.00596243,9.17286,0,-0.0392,1,1.00077,9.97171e-11,6.42478e-09,1.40242,1.40242,1
221,0.03094,0.00596637,9.17286,0,-0.03906,1,1.00076,1.01425e-10,6.43003e-09,1.40575,1.40575,1
222,0.03108,0.00597032,9.17286,0,-0.03892,1,1.00076,1.03132e-10,6.43528e-09,1.40908,1.40908,1
223,0.03122,0.00597427,9.17286,0,-0.03878,1,1.00075,1.0484e-10,6.44053e-09,1.41241,1.41241,1
224,0.03136,0.00597821,9.17286,0,-0.03864,1,1.00075,1.06547e-10,6.44578e-09,1.41574,1.41574,1
225,0.0315,0.00598216,9.17286,0,-0.0385,1,1.00074,1.08255e-10,6.45103e-09,1.41907,1.41907,1
226,0.03164,0.0059861,9.17286,0,-0.03836,1,1.00074,1.09962e-10,6.45628e-09,1.4224,1.4224,1
227,0.03178,0.00599005,9.17286,0,-0.03822,1,1.00073,1.1167e-10,6.46153e-09,1.42574,1.42574,1
228,0.03192,0.005994,9.17286,0,-0.03808,1,1.00072,1.13378e-10,6.46678e-09,1.42907,1.42907,1
229,0.03206,0.00599794,9.17286,0,-0.03794,1,1.00072,1.15085e-10,6.47203e-09,1.4324,1.4324,1
230,0.0322,0.00600189,9.17286,0,-0.0378,1,1.00071,1.16793e-10,6.47728e-09,1.43573,1.43573,1
231,0.03234,0.00600583,9.17286,0,-0.03766,1,1.00071,1.185e-10,6.48253e-09,1.43906,1.43906,1
232,0.03248,0.00600978,9.17286,0,-0.03752,1,1.0007,1.20208e-10,6.48779e-09,1.44239,1.44239,1
233,0.03262,0.00601372,9.17286,0,-0.03738,1,1.0007,1.21915e-10,6.49304e-09,1.44572,1.44572,1
234,0.03276,0.00601767,9.17286,0,-0.03724,1,1.00069,1.23623e-10,6.49829e-09,1.44906,1.44906,1
235,0.0329,0.00602162,9.17286,0,-0.0371,1,1.00069,1.2533e-10,6.50354e-09,1.45239,1.45239,1
236,0.03304,0.00602556,9.17286,0,-0.03696,1,1.00068,1.27038e-10,6.50879e-09,1.45572,1.45572,1
237,0.03318,0.00602951,9.17286,0,-0.03682,1,1.00068,1.28746e-10,6.51404e-09,1.45905,1.45905,1
238,0.03332,0.00603345,9.17286,0,-0.03668,1,1.00067,1.30453e-10,6.51929e-09,1.46238,1.46238,1
239,0.03346,0.0060374,9.17286,0,-0.03654,1,1.00067,1.32161e-10,6.52454e-09,1.46571,1.46571,1
240,0.0336,0.00604135,9.17286,0,-0.0364,1,1.00066,1.33868e-10,6.52979e-09,1.46904,1.46904,1
241,0.03374,0.00604529,9.17286,0,-0.03626,1,1.00066,1.35576e-10,6.53504e-09,1.47237,1.47237,1
242,0.03388,0.00604924,9.17286,0,-0.03612,1,1.00065,1.37283e-10,6.54029e-09,1.47571,1.47571,1
243,0.03402,0.00605318,9.17286,0,-0.03598,1,1.00065,1.38991e-10,6.54554e-09,1.47904,1.47904,1
244,0.03416,0.00605713,9.17286,0,-0.03584,1,1.00064,1.40699e-10,6.5508e-09,1.48237,1.48237,1
245,0.0343,0.00606108,9.17286,0,-0.0357,1,1.00064,1.42406e-10,6.55605e-09,1.4857,1.4857,1
246,0.03444,0.00606502,9.17286,0,-0.03556,1,1.00063,1.44114e-10,6.5613e-09,1.48903,1.48903,1
247,0.03458,0.00606897,9.17286,0,-0.03542,1,1.00063,1.45821e-10,6.56655e-09,1.49236,1.49236,1
248,0.03472,0.00607291,9.17286,0,-0.03528,1,1.00062,1.47529e-10,6.5718e-09,1.49569,1.49569,1
249,0.03486,0.00607686,9.17286,0,-0.03514,1,1.00062,1.49236e-10,6.57705e-09,1.49903,1.49903,1
250,0.035,0.00608081,9.17286,0,-0.035,1,1.00061,1.50944e-10,6.5823e-09,1.50236,1.50236,1
251,0.03514,0.00608475,9.17286,0,-0.03486,1,1.00061,1.52651e-10,6.58755e-09,1.50569,1.50569,1
252,0.03528,0.0060887,9.17286,0,-0.03472,1,1.0006,1.54359e-10,6.5928e-09,1.50902,1.50902,1
253,0.03542,0.00609264,9.17286,0,-0.03458,1,1.0006,1.56067e-10,6.59805e-09,1.51235,1.51235,1
254,0.03556,0.00609659,9.17286,0,-0.03444,1,1.00059,1.57774e-10,6.6033e-09,1.51568,1.51568,1
255,0.0357,0.00610053,9.17286,0,-0.0343,1,1.00059,1.59482e-10,6.60855e-09,1.51901,1.51901,1
256,0.03584,0.00610448,9.17286,0,-0.03416,1,1.00058,1.61189e-10,6.61381e-09,1.52235,1.52235,1
257,0.03598,0.00610843,9.17286,0,-0.03402,1,1.00058,1.62897e-10,6.61906e-09,1.52568,1.52568,1
258,0.03612,0.00611237,9.17286,0,-0.03388,1,1.00057,1.64604e-10,6.62431e-09,1.52901,1.52901,1
259,0.03626,0.00611632,9.17286,0,-0.03374,1,1.00057,1.66312e-10,6.62956e-09,1.53234,1.53234,1
260,0.0364,0.00612026,9.17286,0,-0.0336,1,1.00056,1.6802e-10,6.63481e-09,1.53567,1.53567,1
261,0.03654,0.00612421,9.17286,0,-0.03346,1,1.00056,1.69727e-10,6.64006e-09,1.539,1.539,1
262,0.03668,0.00612816,9.17286,0,-0.03332,1,1.00055,1.71435e-10,6.64531e-09,1.54233,1.54233,1
263,0.03682,0.0061321,9.17286,0,-0.03318,1,1.00055,1.73142e-10,6.65056e-09,1.54567,1.54567,1
264,0.03696,0.00613605,9.17286,0,-0.03304,1,1.00055,1.7485e-10,6.65581e-09,1.549,1.549,1
265,0.0371,0.00613999,9.17286,0,-0.0329,1,1.00054,1.76557e-10,6.66106e-09,1.55233,1.55233,1
266,0.03724,0.00614394,9.17286,0,-0.03276,1,1.00054,1.78265e-10,6.66631e-09,1.55566,1.55566,1
267,0.03738,0.00614789,9.17286,0,-0.03262,1,1.00053,1.79972e-10,6.67156e-09,1.55899,1.55899,1
268,0.03752,0.00615183,9.17286,0,-0.03248,1,1.00053,1.8168e-10,6.67682e-09,1.56232,1.56232,1
269,0.03766,0.00615578,9.17286,0,-0.03234,1,1.00052,1.83388e-10,6.68207e-09,1.56565,1.56565,1
270,0.0378,0.00615972,9.17286,0,-0.0322,1,1.00052,1.85095e-10,6.68732e-09,1.56898,1.56898,1
271,0.03794,0.00616367,9.17286,0,-0.03206,1,1.00051,1.86803e-10,6.69257e-09,1.57232,1.57232,1
272,0.03808,0.00616762,9.17286,0,-0.03192,1,1.00051,1.8851e-10,6.69782e-09,1.57565,1.57565,1
273,0.03822,0.00617156,9.17286,0,-0.03178,1,1.0005,1.90218e-10,6.70307e-09,1.57898,1.57898,1
274,0.03836,0.00617551,9.17286,0,-0.03164,1,1.0005,1.91925e-10,6.70832e-09,1.58231,1.58231,1
275,0.0385,0.00617945,9.17286,0,-0.0315,1,1.0005,1.93633e-10,6.71357e-09,1.58564,1.58564,1
276,0.03864,0.0061834,9.17286,0,-0.03136,1,1.00049,1.9534e-10,6.71882e-09,1.58897,1.58897,1
277,0.03878,0.00618735,9.17286,0,-0.03122,1,1.00049,1.97048e-10,6.72407e-09,1.5923,1.5923,1
278,0.03892,0.00619129,9.17286,0,-0.03108,1,1.00048,1.98756e-10,6.72932e-09,1.59564,1.59564,1
279,0.03906,0.00619524,9.17286,0,-0.03094,1,1.00048,2.00463e-10,6.73457e-09,1.59897,1.59897,1
280,0.0392,0.00619918,9.17286,0,-0.0308,1,1.00047,2.02171e-10,6.73983e-09,1.6023,1.6023,1
281,0.03934,0.00620313,9.17286,0,-0.03066,1,1.00047,2.03878e-10,6.74508e-09,1.60563,1.60563,1
282,0.03948,0.00620707,9.17286,0,-0.03052,1,1.00047,2.05586e-10,6.75033e-09,1.60896,1.60896,1
283,0.03962,0.00621102,9.17286,0,-0.03038,1,1.00046,2.07293e-10,6.75558e-09,1.61229,1.61229,1
284,0.03976,0.00621497,9.17286,0,-0.03024,1,1.00046,2.09001e-10,6.76083e-09,1.61562,1.61562,1
285,0.0399,0.00622008,9.17286,0,-0.0301,1,1.00045,2.1031e-10,6.75644e-09,1.61867,1.61867,1
286,0.04004,0.00622698,9.17286,0,-0.02996,1,1.00045,2.11008e-10,6.73726e-09,1.62129,1.62129,1
287,0.04018,0.00623387,9.17286,0,-0.02982,1,1.00044,2.11706e-10,6.71808e-09,1.62391,1.62391,1
288,0.04032,0.00624077,9.17286,0,-0.02968,1,1.00044,2.12404e-10,6.69891e-09,1.62652,1.62652,1
289,0.04046,0.00624767,9.17286,0,-0.02954,1,1.00044,2.13103e-10,6.67973e-09,1.62914,1.62914,1
290,0.0406,0.00625457,9.17286,0,-0.0294,1,1.00043,2.13801e-10,6.66055e-09,1.63176,1.63176,1
291,0.04074,0.00626147,9.17286,0,-0.02926,1,1.00043,2.14499e-10,6.64138e-09,1.63437,1.63437,1
292,0.04088,0.00626836,9.17286,0,-0.02912,1,1.00042,2.15197e-10,6.6222e-09,1.63699,1.63699,1
293,0.04102,0.00627526,9.17286,0,-0.02898,1,1.00042,2.15895e-10,6.60303e-09,1.6396,1.6396,1
294,0.04116,0.00628216,9.17286,0,-0.02884,1,1.00042,2.16593e-10,6.58385e-09,1.64222,1.64222,1
295,0.0413,0.00628906,9.17286,0,-0.0287,1,1.00041,2.17291e-10,6.56467e-09,1.64484,1.64484,1
296,0.04144,0.00629596,9.17286,0,-0.02856,1,1.00041,2.1799e-10,6.5455e-09,1.64745,1.64745,1
297,0.04158,0.00630285,9.17286,0,-0.02842,1,1.0004,2.18688e-10,6.52632e-09,1.65007,1.65007,1
298,0.04172,0.00630975,9.17286,0,-0.02828,1,1.0004,2.19386e-10,6.50714e-09,1.65269,1.65269,1
299,0.04186,0.00631665,9.17286,0,-0.02814,1,1.0004,2.20084e-10,6.48797e-09,1.6553,1.6553,1
300,0.042,0.00632355,9.17286,0,-0.028,1,1.00039,2.20782e-10,6.46879e-09,1.65792,1.65792,1
301,0.04214,0.00633045,9.17286,0,-0.02786,1,1.00039,2.2148e-10,6.44962e-09,1.66054,1.66054,1
302,0.04228,0.00633735,9.17286,0,-0.02772,1,1.00038,2.22178e-10,6.43044e-09,1.66315,1.66315,1
303,0.04242,0.00634424,9.17286,0,-0.02758,1,1.00038,2.22876e-10,6.41126e-09,1.66577,1.66577,1
304,0.04256,0.00635114,9.17286,0,-0.02744,1,1.00038,2.23575e-10,6.39209e-09,1.66839,1.66839,1
305,0.0427,0.00635804,9.17286,0,-0.0273,1,1.00037,2.24273e-10,6.37291e-09,1.671,1.671,1
306,0.04284,0.00636494,9.17286,0,-0.02716,1,1.00037,2.24971e-10,6.35373e-09,1.67362,1.67362,1
307,0.04298,0.00637184,9.17286,0,-0.02702,1,1.00037,2.25669e-10,6.33456e-09,1.67623,1.67623,1
308,0.04312,0.00637873,9.17286,0,-0.02688,1,1.00036,2.26367e-10,6.31538e-09,1.67885,1.67885,1
309,0.04326,0.00638563,9.17286,0,-0.02674,1,1.00036,2.27065e-10,6.29621e-09,1.68147,1.68147,1
310,0.0434,0.00639253,9.17286,0,-0.0266,1,1.00035,2.27763e-10,6.27703e-09,1.68408,1.68408,1
311,0.04354,0.00639943,9.17286,0,-0.02646,1,1.00035,2.28462e-10,6.25785e-09,1.6867,1.6867,1
312,0.04368,0.00640633,9.17286,0,-0.02632,1,1.00035,2.2916e-10,6.23868e-09,1.68932,1.68932,1
313,0.04382,0.00641322,9.17286,0,-0.02618,1,1.00034,2.29858e-10,6.2195e-09,1.69193,1.69193,1
314,0.04396,0.00642012,9.17286,0,-0.02604,1,1.00034,2.30556e-10,6.20032e-09,1.69455,1.69455,1
315,0.0441,0.00642702,9.17286,0,-0.0259,1,1.00034,2.31254e-10,6.18115e-09,1.69717,1.69717,1
316,0.04424,0.00643392,9.17286,0,-0.02576,1,1.00033,2.31952e-10,6.16197e-09,1.69978,1.69978,1
317,0.04438,0.00644082,9.17286,0,-0.02562,1,1.00033,2.3265e-10,6.14279e-09,1.7024,1.7024,1
318,0.04452,0.00644771,9.17286,0,-0.02548,1,1.00032,2.33349e-10,6.12362e-09,1.70502,1.70502,1
319,0.04466,0.00645461,9.17286,0,-0.02534,1,1.00032,2.34047e-10,6.10444e-09,1.70763,1.70763,1
320,0.0448,0.00646151,9.17286,0,-0.0252,1,1.00032,2.34745e-10,6.08527e-09,1.71025,1.71025,1
321,0.04494,0.00646841,9.17286,0,-0.02506,1,1.00031,2.35443e-10,6.06609e-09,1.71286,1.71286,1
322,0.04508,0.00647531,9.17286,0,-0.02492,1,1.00031,2.36141e-10,6.04691e-09,1.71548,1.71548,1
323,0.04522,0.0064822,9.17286,0,-0.02478,1,1.00031,2.36839e-10,6.02774e-09,1.7181,1.7181,1
324,0.04536,0.0064891,9.17286,0,-0.02464,1,1.0003,2.37537e-10,6.00856e-09,1.72071,1.72071,1
325,0.0455,0.006496,9.17286,0,-0.0245,1,1.0003,2.38235e-10,5.98938e-09,1.72333,1.72333,1
326,0.04564,0.0065029,9.17286,0,-0.02436,1,1.0003,2.38934e-10,5.97021e-09,1.72595,1.72595,1
327,0.04578,0.0065098,9.17286,0,-0.02422,1,1.00029,2.39632e-10,5.95103e-09,1.72856,1.72856,1
328,0.04592,0.00651669,9.17286,0,-0.02408,1,1.00029,2.4033e-10,5.93186e-09,1.73118,1.73118,1
329,0.04606,0.00652359,9.17286,0,-0.02394,1,1.00029,2.41028e-10,5.91268e-09,1.7338,1.7338,1
330,0.0462,0.00653049,9.17286,0,-0.0238,1,1.00028,2.41726e-10,5.8935e-09,1.73641,1.73641,1
331,0.04634,0.00653739,9.17286,0,-0.02366,1,1.00028,2.42424e-10,5.87433e-09,1.73903,1.73903,1
332,0.04648,0.00654429,9.17286,0,-0.02352,1,1.00028,2.43122e-10,5.85515e-09,1.74165,1.74165,1
333,0.04662,0.00655119,9.17286,0,-0.02338,1,1.00027,2.43821e-10,5.83597e-09,1.74426,1.74426,1
334,0.04676,0.00655808,9.17286,0,-0.02324,1,1.00027,2.44519e-10,5.8168e-09,1.74688,1.74688,1
335,0.0469,0.00656498,9.17286,0,-0.0231,1,1.00027,2.45217e-10,5.79762e-09,1.7495,1.7495,1
336,0.04704,0.00657188,9.17286,0,-0.02296,1,1.00026,2.45915e-10,5.77845e-09,1.75211,1.75211,1
337,0.04718,0.00657878,9.17286,0,-0.02282,1,1.00026,2.46613e-10,5.75927e-09,1.75473,1.75473,1
338,0.04732,0.00658568,9.17286,0,-0.02268,1,1.00026,2.47311e-10,5.74009e-09,1.75734,1.75734,1
339,0.04746,0.00659257,9.17286,0,-0.02254,1,1.00025,2.48009e-10,5.72092e-09,1.75996,1.75996,1
340,0.0476,0.00659947,9.17286,0,-0.0224,1,1.00025,2.48708e-10,5.70174e-09,1.76258,1.76258,1
341,0.04774,0.00660637,9.17286,0,-0.02226,1,1.00025,2.49406e-10,5.68256e-09,1.76519,1.76519,1
342,0.04788,0.00661327,9.17286,0,-0.02212,1,1.00024,2.50104e-10,5.66339e-09,1.76781,1.76781,1
343,0.04802,0.00662017,9.17286,0,-0.02198,1,1.00024,2.50802e-10,5.64421e-09,1.77043,1.77043,1
344,0.04816,0.00662706,9.17286,0,-0.02184,1,1.00024,2.515e-10,5.62504e-09,1.77304,1.77304,1
345,0.0483,0.00663396,9.17286,0,-0.0217,1,1.00024,2.52198e-10,5.60586e-09,1.77566,1.77566,1
346,0.04844,0.00664086,9.17286,0,-0.02156,1,1.00023,2.52896e-10,5.58668e-09,1.77828,1.77828,1
347,0.04858,0.00664776,9.17286,0,-0.02142,1,1.00023,2.53595e-10,5.56751e-09,1.78089,1.78089,1
348,0.04872,0.00665466,9.17286,0,-0.02128,1,1.00023,2.54293e-10,5.54833e-09,1.78351,1.78351,1
349,0.04886,0.00666155,9.17286,0,-0.02114,1,1.00022,2.54991e-10,5.52915e-09,1.78613,1.78613,1
350,0.049,0.00666845,9.17286,0,-0.021,1,1.00022,2.55689e-10,5.50998e-09,1.78874,1.78874,1
351,0.04914,0.00667535,9.17286,0,-0.02086,1,1.00022,2.56387e-10,5.4908e-09,1.79136,1.79136,1
352,0.04928,0.00668225,9.17286,0,-0.02072,1,1.00021,2.57085e-10,5.47162e-09,1.79397,1.79397,1
353,0.04942,0.00668915,9.17286,0,-0.02058,1,1.00021,2.57783e-10,5.45245e-09,1.79659,1.79659,1
354,0.04956,0.00669604,9.17286,0,-0.02044,1,1.00021,2.58481e-10,5.43327e-09,1.79921,1.79921,1
355,0.0497,0.00670294,9.17286,0,-0.0203,1,1.00021,2.5918e-10,5.4141e-09,1.80182,1.80182,1
356,0.04984,0.00671037,9.17286,0,-0.02016,1,1.0002,2.59831e-10,5.39209e-09,1.80429,1.80429,1
357,0.04998,0.00672145,9.17286,0,-0.02002,1,1.0002,2.60163e-10,5.35053e-09,1.8057,1.8057,1
358,0.05012,0.00673254,9.17286,0,-0.01988,1,1.0002,2.60494e-10,5.30897e-09,1.80711,1.80711,1
359,0.05026,0.00674362,9.17286,0,-0.01974,1,1.00019,2.60825e-10,5.26741e-09,1.80851,1.80851,1
360,0.0504,0.00675471,9.17286,0,-0.0196,1,1.00019,2.61156e-10,5.22585e-09,1.80992,1.80992,1
361,0.05054,0.00676579,9.17286,0,-0.01946,1,1.00019,2.61487e-10,5.18428e-09,1.81133,1.81133,1
362,0.05068,0.00677687,9.17286,0,-0.01932,1,1.00019,2.61818e-10,5.14272e-09,1.81274,1.81274,1
363,0.05082,0.00678796,9.17286,0,-0.01918,1,1.00018,2.62149e-10,5.10116e-09,1.81415,1.81415,1
364,0.05096,0.00679904,9.17286,0,-0.01904,1,1.00018,2.6248e-10,5.0596e-09,1.81556,1.81556,1
365,0.0511,0.00681012,9.17286,0,-0.0189,1,1.00018,2.62811e-10,5.01803e-09,1.81697,1.81697,1
366,0.05124,0.00682121,9.17286,0,-0.01876,1,1.00018,2.63142e-10,4.97647e-09,1.81838,1.81838,1
367,0.05138,0.00683229,9.17286,0,-0.01862,1,1.00017,2.63473e-10,4.93491e-09,1.81979,1.81979,1
368,0.05152,0.00684338,9.17286,0,-0.01848,1,1.00017,2.63804e-10,4.89335e-09,1.8212,1.8212,1
369,0.05166,0.00685446,9.17286,0,-0.01834,1,1.00017,2.64135e-10,4.85179e-09,1.8226,1.8226,1
370,0.0518,0.00686554,9.17286,0,-0.0182,1,1.00017,2.64467e-10,4.81023e-09,1.82401,1.82401,1
371,0.05194,0.00687663,9.17286,0,-0.01806,1,1.00016,2.64798e-10,4.76866e-09,1.82542,1.82542,1
372,0.05208,0.00688771,9.17286,0,-0.01792,1,1.00016,2.65129e-10,4.7271e-09,1.82683,1.82683,1
373,0.05222,0.0068988,9.17286,0,-0.01778,1,1.00016,2.6546e-10,4.68554e-09,1.82824,1.82824,1
374,0.05236,0.00690988,9.17286,0,-0.01764,1,1.00016,2.65791e-10,4.64398e-09,1.82965,1.82965,1
375,0.0525,0.00692096,9.17286,0,-0.0175,1,1.00015,2.66122e-10,4.60241e-09,1.83106,1.83106,1
376,0.05264,0.00693205,9.17286,0,-0.01736,1,1.00015,2.66453e-10,4.56085e-09,1.83247,1.83247,1
377,0.05278,0.00694313,9.17286,0,-0.01722,1,1.00015,2.66784e-10,4.51929e-09,1.83388,1.83388,1
378,0.05292,0.00695422,9.17286,0,-0.01708,1,1.00015,2.67115e-10,4.47773e-09,1.83529,1.83529,1
379,0.05306,0.0069653,9.17286,0,-0.01694,1,1.00014,2.67446e-10,4.43617e-09,1.83669,1.83669,1
380,0.0532,0.00697638,9.17286,0,-0.0168,1,1.00014,2.67777e-10,4.3946e-09,1.8381,1.8381,1
381,0.05334,0.00698747,9.17286,0,-0.01666,1,1.00014,2.68108e-10,4.35304e-09,1.83951,1.83951,1
382,0.05348,0.00699855,9.17286,0,-0.01652,1,1.00014,2.68439e-10,4.31148e-09,1.84092,1.84092,1
383,0.05362,0.00700964,9.17286,0,-0.01638,1,1.00013,2.68771e-10,4.26992e-09,1.84233,1.84233,1
384,0.05376,0.00702072,9.17286,0,-0.01624,1,1.00013,2.69102e-10,4.22836e-09,1.84374,1.84374,1
385,0.0539,0.0070318,9.17286,0,-0.0161,1,1.00013,2.69433e-10,4.18679e-09,1.84515,1.84515,1
386,0.05404,0.00704289,9.17286,0,-0.01596,1,1.00013,2.69764e-10,4.14523e-09,1.84656,1.84656,1
387,0.05418,0.00705397,9.17286,0,-0.01582,1,1.00013,2.70095e-10,4.10367e-09,1.84797,1.84797,1
388,0.05432,0.00706506,9.17286,0,-0.01568,1,1.00012,2.70426e-10,4.06211e-09,1.84937,1.84937,1
389,0.05446,0.00707614,9.17286,0,-0.01554,1,1.00012,2.70757e-10,4.02054e-09,1.85078,1.85078,1
390,0.0546,0.00708722,9.17286,0,-0.0154,1,1.00012,2.71088e-10,3.97898e-09,1.85219,1.85219,1
391,0.05474,0.00709831,9.17286,0,-0.01526,1,1.00012,2.71419e-10,3.93742e-09,1.8536,1.8536,1
392,0.05488,0.00710939,9.17286,0,-0.01512,1,1.00011,2.7175e-10,3.89586e-09,1.85501,1.85501,1
393,0.05502,0.00712048,9.17286,0,-0.01498,1,1.00011,2.72081e-10,3.8543e-09,1.85642,1.85642,1
394,0.05516,0.00713156,9.17286,0,-0.01484,1,1.00011,2.72412e-10,3.81273e-09,1.85783,1.85783,1
395,0.0553,0.00714264,9.17286,0,-0.0147,1,1.00011,2.72743e-10,3.77117e-09,1.85924,1.85924,1
396,0.05544,0.00715373,9.17286,0,-0.01456,1,1.00011,2.73075e-10,3.72961e-09,1.86065,1.86065,1
397,0.05558,0.00716481,9.17286,0,-0.01442,1,1.0001,2.73406e-10,3.68805e-09,1.86206,1.86206,1
398,0.05572,0.0071759,9.17286,0,-0.01428,1,1.0001,2.73737e-10,3.64649e-09,1.86346,1.86346,1
399,0.05586,0.00718698,9.17286,0,-0.01414,1,1.0001,2.74068e-10,3.60492e-09,1.86487,1.86487,1
400,0.056,0.00719806,9.17286,0,-0.014,1,1.0001,2.74399e-10,3.56336e-09,1.86628,1.86628,1
401,0.05614,0.00720915,9.17286,0,-0.01386,1,1.0001,2.7473e-10,3.5218e-09,1.86769,1.86769,1
402,0.05628,0.00722023,9.17286,0,-0.01372,1,1.00009,2.75061e-10,3.48024e-09,1.8691,1.8691,1
403,0.05642,0.00723132,9.17286,0,-0.01358,1,1.00009,2.75392e-10,3.43867e-09,1.87051,1.87051,1
404,0.05656,0.0072424,9.17286,0,-0.01344,1,1.00009,2.75723e-10,3.39711e-09,1.87192,1.87192,1
405,0.0567,0.00725348,9.17286,0,-0.0133,1,1.00009,2.76054e-10,3.35555e-09,1.87333,1.87333,1
406,0.05684,0.00726457,9.17286,0,-0.01316,1,1.00009,2.76385e-10,3.31399e-09,1.87474,1.87474,1
407,0.05698,0.00727565,9.17286,0,-0.01302,1,1.00008,2.76716e-10,3.27243e-09,1.87615,1.87615,1
408,0.05712,0.00728673,9.17286,0,-0.01288,1,1.00008,2.77048e-10,3.23086e-09,1.87755,1.87755,1
409,0.05726,0.00729782,9.17286,0,-0.01274,1,1.00008,2.77379e-10,3.1893e-09,1.87896,1.87896,1
410,0.0574,0.0073089,9.17286,0,-0.0126,1,1.00008,2.7771e-10,3.14774e-09,1.88037,1.88037,1
411,0.05754,0.00731999,9.17286,0,-0.01246,1,1.00008,2.78041e-10,3.10618e-09,1.88178,1.88178,1
412,0.05768,0.00733107,9.17286,0,-0.01232,1,1.00008,2.78372e-10,3.06462e-09,1.88319,1.88319,1
413,0.05782,0.00734216,9.17286,0,-0.01218,1,1.00007,2.78703e-10,3.02305e-09,1.8846,1.8846,1
414,0.05796,0.00735324,9.17286,0,-0.01204,1,1.00007,2.79034e-10,2.98149e-09,1.88601,1.88601,1
415,0.0581,0.00736432,9.17286,0,-0.0119,1,1.00007,2.79365e-10,2.93993e-09,1.88742,1.88742,1
416,0.05824,0.00737541,9.17286,0,-0.01176,1,1.00007,2.79696e-10,2.89837e-09,1.88883,1.88883,1
417,0.05838,0.00738649,9.17286,0,-0.01162,1,1.00007,2.80027e-10,2.85681e-09,1.89023,1.89023,1
418,0.05852,0.00739757,9.17286,0,-0.01148,1,1.00007,2.80358e-10,2.81524e-09,1.89164,1.89164,1
419,0.05866,0.00740866,9.17286,0,-0.01134,1,1.00006,2.80689e-10,2.77368e-09,1.89305,1.89305,1
420,0.0588,0.00741974,9.17286,0,-0.0112,1,1.00006,2.8102e-10,2.73212e-09,1.89446,1.89446,1
421,0.05894,0.00743083,9.17286,0,-0.01106,1,1.00006,2.81351e-10,2.69056e-09,1.89587,1.89587,1
422,0.05908,0.00744191,9.17286,0,-0.01092,1,1.00006,2.81683e-10,2.64899e-09,1.89728,1.89728,1
423,0.05922,0.00745299,9.17286,0,-0.01078,1,1.00006,2.82014e-10,2.60743e-09,1.89869,1.89869,1
424,0.05936,0.00746408,9.17286,0,-0.01064,1,1.00006,2.82345e-10,2.56587e-09,1.9001,1.9001,1
425,0.0595,0.00747516,9.17286,0,-0.0105,1,1.00006,2.82676e-10,2.52431e-09,1.90151,1.90151,1
426,0.05964,0.00748625,9.17286,0,-0.01036,1,1.00005,2.83007e-10,2.48275e-09,1.90292,1.90292,1
427,0.05978,0.00749733,9.17286,0,-0.01022,1,1.00005,2.83338e-10,2.44118e-09,1.90432,1.90432,1
428,0.05992,0.0075075,9.17286,0,-0.01008,1,1.00005,2.83669e-10,2.39772e-09,1.90552,1.90552,1
429,0.06006,0.00751447,9.17286,0,-0.00994,1,1.00005,2.83999e-10,2.34761e-09,1.90594,1.90594,1
430,0.0602,0.00752143,9.17286,0,-0.0098,1,1.00005,2.8433e-10,2.29749e-09,1.90637,1.90637,1
431,0.06034,0.0075284,9.17286,0,-0.00966,1,1.00005,2.8466e-10,2.24738e-09,1.9068,1.9068,1
432,0.06048,0.00753537,9.17286,0,-0.00952,1,1.00005,2.8499e-10,2.19727e-09,1.90723,1.90723,1
433,0.06062,0.00754234,9.17286,0,-0.00938,1,1.00004,2.85321e-10,2.14715e-09,1.90766,1.90766,1
434,0.06076,0.0075493,9.17286,0,-0.00924,1,1.00004,2.85651e-10,2.09704e-09,1.90809,1.90809,1
435,0.0609,0.00755627,9.17286,0,-0.0091,1,1.00004,2.85981e-10,2.04693e-09,1.90852,1.90852,1
436,0.06104,0.00756324,9.17286,0,-0.00896,1,1.00004,2.86312e-10,1.99681e-09,1.90895,1.90895,1
437,0.06118,0.00757021,9.17286,0,-0.00882,1,1.00004,2.86642e-10,1.9467e-09,1.90938,1.90938,1
438,0.06132,0.00757717,9.17286,0,-0.00868,1,1.00004,2.86972e-10,1.89659e-09,1.90981,1.90981,1
439,0.06146,0.00758414,9.17286,0,-0.00854,1,1.00004,2.87303e-10,1.84647e-09,1.91024,1.91024,1
440,0.0616,0.00759111,9.17286,0,-0.0084,1,1.00004,2.87633e-10,1.79636e-09,1.91067,1.91067,1
441,0.06174,0.00759808,9.17286,0,-0.00826,1,1.00003,2.87964e-10,1.74625e-09,1.9111,1.9111,1
442,0.06188,0.00760504,9.17286,0,-0.00812,1,1.00003,2.88294e-10,1.69613e-09,1.91153,1.91153,1
443,0.06202,0.00761201,9.17286,0,-0.00798,1,1.00003,2.88624e-10,1.64602e-09,1.91196,1.91196,1
444,0.06216,0.00761898,9.17286,0,-0.00784,1,1.00003,2.88955e-10,1.59591e-09,1.91239,1.91239,1
445,0.0623,0.00762595,9.17286,0,-0.0077,1,1.00003,2.89285e-10,1.54579e-09,1.91281,1.91281,1
446,0.06244,0.00763291,9.17286,0,-0.00756,1,1.00003,2.89615e-10,1.49568e-09,1.91324,1.91324,1
447,0.06258,0.00763988,9.17286,0,-0.00742,1,1.00003,2.89946e-10,1.44557e-09,1.91367,1.91367,1
448,0.06272,0.00764685,9.17286,0,-0.00728,1,1.00003,2.90276e-10,1.39545e-09,1.9141,1.9141,1
449,0.06286,0.00765382,9.17286,0,-0.00714,1,1.00003,2.90606e-10,1.34534e-09,1.91453,1.91453,1
450,0.063,0.00766078,9.17286,0,-0.007,1,1.00002,2.90937e-10,1.29523e-09,1.91496,1.91496,1
451,0.06314,0.00766775,9.17286,0,-0.00686,1,1.00002,2.91267e-10,1.24511e-09,1.91539,1.91539,1
452,0.06328,0.00767472,9.17286,0,-0.00672,1,1.00002,2.91598e-10,1.195e-09,1.91582,1.91582,1
453,0.06342,0.00768169,9.17286,0,-0.00658,1,1.00002,2.91928e-10,1.14489e-09,1.91625,1.91625,1
454,0.06356,0.00768865,9.17286,0,-0.00644,1,1.00002,2.92258e-10,1.09478e-09,1.91668,1.91668,1
455,0.0637,0.00769562,9.17286,0,-0.0063,1,1.00002,2.92589e-10,1.04466e-09,1.91711,1.91711,1
456,0.06384,0.00770259,9.17286,0,-0.00616,1,1.00002,2.92919e-10,9.94548e-10,1.91754,1.91754,1
457,0.06398,0.00770956,9.17286,0,-0.00602,1,1.00002,2.93249e-10,9.44435e-10,1.91797,1.91797,1
458,0.06412,0.00771652,9.17286,0,-0.00588,1,1.00002,2.9358e-10,8.94322e-10,1.9184,1.9184,1
459,0.06426,0.00772349,9.17286,0,-0.00574,1,1.00002,2.9391e-10,8.44208e-10,1.91883,1.91883,1
460,0.0644,0.00773046,9.17286,0,-0.0056,1,1.00002,2.9424e-10,7.94095e-10,1.91926,1.91926,1
461,0.06454,0.00773743,9.17286,0,-0.00546,1,1.00001,2.94571e-10,7.43982e-10,1.91968,1.91968,1
462,0.06468,0.00774439,9.17286,0,-0.00532,1,1.00001,2.94901e-10,6.93869e-10,1.92011,1.92011,1
463,0.06482,0.00775136,9.17286,0,-0.00518,1,1.00001,2.95232e-10,6.43755e-10,1.92054,1.92054,1
464,0.06496,0.00775833,9.17286,0,-0.00504,1,1.00001,2.95562e-10,5.93642e-10,1.92097,1.92097,1
465,0.0651,0.0077653,9.17286,0,-0.0049,1,1.00001,2.95892e-10,5.43529e-10,1.9214,1.9214,1
466,0.06524,0.00777226,9.17286,0,-0.00476,1,1.00001,2.96223e-10,4.93415e-10,1.92183,1.92183,1
467,0.06538,0.00777923,9.17286,0,-0.00462,1,1.00001,2.96553e-10,4.43302e-10,1.92226,1.92226,1
468,0.06552,0.0077862,9.17286,0,-0.00448,1,1.00001,2.96883e-10,3.93189e-10,1.92269,1.92269,1
469,0.06566,0.00779317,9.17286,0,-0.00434,1,1.00001,2.97214e-10,3.43075e-10,1.92312,1.92312,1
470,0.0658,0.00780013,9.17286,0,-0.0042,1,1.00001,2.97544e-10,2.92962e-10,1.92355,1.92355,1
471,0.06594,0.0078071,9.17286,0,-0.00406,1,1.00001,2.97874e-10,2.42849e-10,1.92398,1.92398,1
472,0.06608,0.00781407,9.17286,0,-0.00392,1,1.00001,2.98205e-10,1.92735e-10,1.92441,1.92441,1
473,0.06622,0.00782104,9.17286,0,-0.00378,1,1.00001,2.98535e-10,1.42622e-10,1.92484,1.92484,1
474,0.06636,0.007828,9.17286,0,-0.00364,1,1.00001,2.98866e-10,9.25089e-11,1.92527,1.92527,1
475,0.0665,0.00783497,9.17286,0,-0.0035,1,1.00001,2.99196e-10,4.23956e-11,1.9257,1.9257,1
476,0.06664,0.00784194,9.17286,0,-0.00336,1,1.00001,2.99526e-10,-7.71777e-12,1.92613,1.92613,1
477,0.06678,0.00784891,9.17286,0,-0.00322,1,1.00001,2.99857e-10,-5.7831e-11,1.92655,1.92655,1
478,0.06692,0.00785587,9.17286,0,-0.00308,1,1,3.00187e-10,-1.07944e-10,1.92698,1.92698,1
479,0.06706,0.00786284,9.17286,0,-0.00294,1,1,3.00517e-10,-1.58058e-10,1.92741,1.92741,1
480,0.0672,0.00786981,9.17286,0,-0.0028,1,1,3.00848e-10,-2.08171e-10,1.92784,1.92784,1
481,0.06734,0.00787678,9.17286,0,-0.00266,1,1,3.01178e-10,-2.58284e-10,1.92827,1.92827,1
482,0.06748,0.00788374,9.17286,0,-0.00252,1,1,3.01508e-10,-3.08398e-10,1.9287,1.9287,1
483,0.06762,0.00789071,9.17286,0,-0.00238,1,1,3.01839e-10,-3.58511e-10,1.92913,1.92913,1
484,0.06776,0.00789768,9.17286,0,-0.00224,1,1,3.02169e-10,-4.08624e-10,1.92956,1.92956,1
485,0.0679,0.00790465,9.17286,0,-0.0021,1,1,3.02499e-10,-4.58738e-10,1.92999,1.92999,1
486,0.06804,0.00791162,9.17286,0,-0.00196,1,1,3.0283e-10,-5.08851e-10,1.93042,1.93042,1
487,0.06818,0.00791858,9.17286,0,-0.00182,1,1,3.0316e-10,-5.58964e-10,1.93085,1.93085,1
488,0.06832,0.00792555,9.17286,0,-0.00168,1,1,3.03491e-10,-6.09077e-10,1.93128,1.93128,1
489,0.06846,0.00793252,9.17286,0,-0.00154,1,1,3.03821e-10,-6.59191e-10,1.93171,1.93171,1
490,0.0686,0.00793948,9.17286,0,-0.0014,1,1,3.04151e-10,-7.09304e-10,1.93214,1.93214,1
491,0.06874,0.00794645,9.17286,0,-0.00126,1,1,3.04482e-10,-7.59417e-10,1.93257,1.93257,1
492,0.06888,0.00795342,9.17286,0,-0.00112,1,1,3.04812e-10,-8.09531e-10,1.933,1.933,1
493,0.06902,0.00796039,9.17286,0,-0.00098,1,1,3.05142e-10,-8.59644e-10,1.93342,1.93342,1
494,0.06916,0.00796735,9.17286,0,-0.00084,1,1,3.05473e-10,-9.09757e-10,1.93385,1.93385,1
495,0.0693,0.00797432,9.17286,0,-0.0007,1,1,3.05803e-10,-9.59871e-10,1.93428,1.93428,1
496,0.06944,0.00798129,9.17286,0,-0.00056,1,1,3.06134e-10,-1.00998e-09,1.93471,1.93471,1
497,0.06958,0.00798826,9.17286,0,-0.00042,1,1,3.06464e-10,-1.0601e-09,1.93514,1.93514,1
498,0.06972,0.00799522,9.17286,0,-0.00028,1,1,3.06794e-10,-1.11021e-09,1.93557,1.93557,1
499,0.06986,0.00800219,9.17286,0,-0.00014,1,1,3.07125e-10,-1.16032e-09,1.936,1.936,1
500,0.07,0.00800916,9.17286,0,0,1,1,3.07455e-10,-1.21044e-09,1.93643,1.93643,1
501,0.07014,0.00800219,9.17286,0,0.00014,1,1,3.08043e-10,-1.26081e-09,1.936,1.936,1
502,0.07028,0.00799522,9.17286,0,0.00028,1,1,3.08631e-10,-1.31118e-09,1.93557,1.93557,1
503,0.07042,0.00798826,9.17286,0,0.00042,1,1,3.0922e-10,-1.36156e-09,1.93514,1.93514,1
504,0.07056,0.00798129,9.17286,0,0.00056,1,1,3.09808e-10,-1.41193e-09,1.93471,1.93471,1
505,0.0707,0.00797432,9.17286,0,0.0007,1,1,3.10396e-10,-1.4623e-09,1.93428,1.93428,1
506,0.07084,0.00796735,9.17286,0,0.00084,1,1,3.10984e-10,-1.51267e-09,1.93385,1.93385,1
507,0.07098,0.00796039,9.17286,0,0.00098,1,1,3.11572e-10,-1.56305e-09,1.93342,1.93342,1
508,0.07112,0.00795342,9.17286,0,0.00112,1,1,3.1216e-10,-1.61342e-09,1.933,1.933,1
509,0.07126,0.00794645,9.17286,0,0.00126,1,1,3.12749e-10,-1.66379e-09,1.93257,1.93257,1
510,0.0714,0.00793948,9.17286,0,0.0014,1,1,3.13337e-10,-1.71417e-09,1.93214,1.93214,1
511,0.07154,0.00793252,9.17286,0,0.00154,1,1,3.13925e-10,-1.76454e-09,1.93171,1.93171,1
512,0.07168,0.00792555,9.17286,0,0.00168,1,1,3.14513e-10,-1.81491e-09,1.93128,1.93128,1
513,0.07182,0.00791858,9.17286,0,0.00182,1,1,3.15101e-10,-1.86528e-09,1.93085,1.93085,1
514,0.07196,0.00791162,9.17286,0,0.00196,1,1,3.1569e-10,-1.91566e-09,1.93042,1.93042,1
515,0.0721,0.00790465,9.17286,0,0.0021,1,1,3.16278e-10,-1.96603e-09,1.92999,1.92999,1
516,0.07224,0.00789768,9.17286,0,0.00224,1,1,3.16866e-10,-2.0164e-09,1.92956,1.92956,1
517,0.07238,0.00789071,9.17286,0,0.00238,1,1,3.17454e-10,-2.06678e-09,1.92913,1.92913,1
518,0.07252,0.00788374,9.17286,0,0.00252,1,1,3.18042e-10,-2.11715e-09,1.9287,1.9287,1
519,0.07266,0.00787678,9.17286,0,0.00266,1,1,3.18631e-10,-2.16752e-09,1.92827,1.92827,1
520,0.0728,0.00786981,9.17286,0,0.0028,1,1,3.19219e-10,-2.21789e-09,1.92784,1.92784,1
521,0.07294,0.00786284,9.17286,0,0.00294,1,1,3.19807e-10,-2.26827e-09,1.92741,1.92741,1
522,0.07308,0.00785587,9.17286,0,0.00308,1,1,3.20395e-10,-2.31864e-09,1.92698,1.92698,1
523,0.07322,0.00784891,9.17286,0,0.00322,1,1.00001,3.20983e-10,-2.36901e-09,1.92655,1.92655,1
524,0.07336,0.00784194,9.17286,0,0.00336,1,1.00001,3.21571e-10,-2.41939e-09,1.92613,1.92613,1
525,0.0735,0.00783497,9.17286,0,0.0035,1,1.00001,3.2216e-10,-2.46976e-09,1.9257,1.9257,1
526,0.07364,0.007828,9.17286,0,0.00364,1,1.00001,3.22748e-10,-2.52013e-09,1.92527,1.92527,1
527,0.07378,0.00782104,9.17286,0,0.00378,1,1.00001,3.23336e-10,-2.5705e-09,1.92484,1.92484,1
528,0.07392,0.00781407,9.17286,0,0.00392,1,1.00001,3.23924e-10,-2.62088e-09,1.92441,1.92441,1
529,0.07406,0.0078071,9.17286,0,0.00406,1,1.00001,3.24512e-10,-2.67125e-09,1.92398,1.92398,1
530,0.0742,0.00780013,9.17286,0,0.0042,1,1.00001,3.25101e-10,-2.72162e-09,1.92355,1.92355,1
531,0.07434,0.00779317,9.17286,0,0.00434,1,1.00001,3.25689e-10,-2.772e-09,1.92312,1.92312,1
532,0.07448,0.0077862,9.17286,0,0.00448,1,1.00001,3.26277e-10,-2.82237e-09,1.92269,1.92269,1
533,0.07462,0.00777923,9.17286,0,0.00462,1,1.00001,3.26865e-10,-2.87274e-09,1.92226,1.92226,1
534,0.07476,0.00777226,9.17286,0,0.00476,1,1.00001,3.27453e-10,-2.92311e-09,1.92183,1.92183,1
535,0.0749,0.0077653,9.17286,0,0.0049,1,1.00001,3.28041e-10,-2.97349e-09,1.9214,1.9214,1
536,0.07504,0.00775833,9.17286,0,0.00504,1,1.00001,3.2863e-10,-3.02386e-09,1.92097,1.92097,1
537,0.07518,0.00775136,9.17286,0,0.00518,1,1.00001,3.29218e-10,-3.07423e-09,1.92054,1.92054,1
538,0.07532,0.00774439,9.17286,0,0.00532,1,1.00001,3.29806e-10,-3.12461e-09,1.92011,1.92011,1
539,0.07546,0.00773743,9.17286,0,0.00546,1,1.00001,3.30394e-10,-3.17498e-09,1.91968,1.91968,1
540,0.0756,0.00773046,9.17286,0,0.0056,1,1.00002,3.30982e-10,-3.22535e-09,1.91926,1.91926,1
541,0.07574,0.00772349,9.17286,0,0.00574,1,1.00002,3.31571e-10,-3.27573e-09,1.91883,1.91883,1
542,0.07588,0.00771652,9.17286,0,0.00588,1,1.00002,3.32159e-10,-3.3261e-09,1.9184,1.9184,1
543,0.07602,0.00770956,9.17286,0,0.00602,1,1.00002,3.32747e-10,-3.37647e-09,1.91797,1.91797,1
544,0.07616,0.00770259,9.17286,0,0.00616,1,1.00002,3.33335e-10,-3.42684e-09,1.91754,1.91754,1
545,0.0763,0.00769562,9.17286,0,0.0063,1,1.00002,3.33923e-10,-3.47722e-09,1.91711,1.91711,1
546,0.07644,0.00768865,9.17286,0,0.00644,1,1.00002,3.34511e-10,-3.52759e-09,1.91668,1.91668,1
547,0.07658,0.00768169,9.17286,0,0.00658,1,1.00002,3.351e-10,-3.57796e-09,1.91625,1.91625,1
548,0.07672,0.00767472,9.17286,0,0.00672,1,1.00002,3.35688e-10,-3.62834e-09,1.91582,1.91582,1
549,0.07686,0.00766775,9.17286,0,0.00686,1,1.00002,3.36276e-10,-3.67871e-09,1.91539,1.91539,1
550,0.077,0.00766078,9.17286,0,0.007,1,1.00002,3.36864e-10,-3.72908e-09,1.91496,1.91496,1
551,0.07714,0.00765382,9.17286,0,0.00714,1,1.00003,3.37452e-10,-3.77945e-09,1.91453,1.91453,1
552,0.07728,0.00764685,9.17286,0,0.00728,1,1.00003,3.38041e-10,-3.82983e-09,1.9141,1.9141,1
553,0.07742,0.00763988,9.17286,0,0.00742,1,1.00003,3.38629e-10,-3.8802e-09,1.91367,1.91367,1
554,0.07756,0.00763291,9.17286,0,0.00756,1,1.00003,3.39217e-10,-3.93057e-09,1.91324,1.91324,1
555,0.0777,0.00762595,9.17286,0,0.0077,1,1.00003,3.39805e-10,-3.98095e-09,1.91281,1.91281,1
556,0.07784,0.00761898,9.17286,0,0.00784,1,1.00003,3.40393e-10,-4.03132e-09,1.91239,1.91239,1
557,0.07798,0.00761201,9.17286,0,0.00798,1,1.00003,3.40981e-10,-4.08169e-09,1.91196,1.91196,1
558,0.07812,0.00760504,9.17286,0,0.00812,1,1.00003,3.4157e-10,-4.13206e-09,1.91153,1.91153,1
559,0.07826,0.00759808,9.17286,0,0.00826,1,1.00003,3.42158e-10,-4.18244e-09,1.9111,1.9111,1
560,0.0784,0.00759111,9.17286,0,0.0084,1,1.00004,3.42746e-10,-4.23281e-09,1.91067,1.91067,1
561,0.07854,0.00758414,9.17286,0,0.00854,1,1.00004,3.43334e-10,-4.28318e-09,1.91024,1.91024,1
562,0.07868,0.00757717,9.17286,0,0.00868,1,1.00004,3.43922e-10,-4.33356e-09,1.90981,1.90981,1
563,0.07882,0.00757021,9.17286,0,0.00882,1,1.00004,3.44511e-10,-4.38393e-09,1.90938,1.90938,1
564,0.07896,0.00756324,9.17286,0,0.00896,1,1.00004,3.45099e-10,-4.4343e-09,1.90895,1.90895,1
565,0.0791,0.00755627,9.17286,0,0.0091,1,1.00004,3.45687e-10,-4.48467e-09,1.90852,1.90852,1
566,0.07924,0.0075493,9.17286,0,0.00924,1,1.00004,3.46275e-10,-4.53505e-09,1.90809,1.90809,1
567,0.07938,0.00754234,9.17286,0,0.00938,1,1.00004,3.46863e-10,-4.58542e-09,1.90766,1.90766,1
568,0.07952,0.00753537,9.17286,0,0.00952,1,1.00005,3.47452e-10,-4.63579e-09,1.90723,1.90723,1
569,0.07966,0.0075284,9.17286,0,0.00966,1,1.00005,3.4804e-10,-4.68617e-09,1.9068,1.9068,1
570,0.0798,0.00752143,9.17286,0,0.0098,1,1.00005,3.48628e-10,-4.73654e-09,1.90637,1.90637,1
571,0.07994,0.00751447,9.17286,0,0.00994,1,1.00005,3.49216e-10,-4.78691e-09,1.90594,1.90594,1
572,0.08008,0.0075075,9.17286,0,0.01008,1,1.00005,3.49804e-10,-4.83728e-09,1.90552,1.90552,1
573,0.08022,0.00749733,9.17286,0,0.01022,1,1.00005,3.50482e-10,-4.8827e-09,1.90432,1.90432,1
574,0.08036,0.00748625,9.17286,0,0.01036,1,1.00005,3.51184e-10,-4.92671e-09,1.90292,1.90292,1
575,0.0805,0.00747516,9.17286,0,0.0105,1,1.00006,3.51887e-10,-4.97071e-09,1.90151,1.90151,1
576,0.08064,0.00746408,9.17286,0,0.01064,1,1.00006,3.5259e-10,-5.01472e-09,1.9001,1.9001,1
577,0.08078,0.00745299,9.17286,0,0.01078,1,1.00006,3.53292e-10,-5.05872e-09,1.89869,1.89869,1
578,0.08092,0.00744191,9.17286,0,0.01092,1,1.00006,3.53995e-10,-5.10273e-09,1.89728,1.89728,1
579,0.08106,0.00743083,9.17286,0,0.01106,1,1.00006,3.54698e-10,-5.14673e-09,1.89587,1.89587,1
580,0.0812,0.00741974,9.17286,0,0.0112,1,1.00006,3.55401e-10,-5.19074e-09,1.89446,1.89446,1
581,0.08134,0.00740866,9.17286,0,0.01134,1,1.00006,3.56103e-10,-5.23474e-09,1.89305,1.89305,1
582,0.08148,0.00739757,9.17286,0,0.01148,1,1.00007,3.56806e-10,-5.27874e-09,1.89164,1.89164,1
583,0.08162,0.00738649,9.17286,0,0.01162,1,1.00007,3.57509e-10,-5.32275e-09,1.89023,1.89023,1
584,0.08176,0.00737541,9.17286,0,0.01176,1,1.00007,3.58211e-10,-5.36675e-09,1.88883,1.88883,1
585,0.0819,0.00736432,9.17286,0,0.0119,1,1.00007,3.58914e-10,-5.41076e-09,1.88742,1.88742,1
586,0.08204,0.00735324,9.17286,0,0.01204,1,1.00007,3.59617e-10,-5.45476e-09,1.88601,1.88601,1
587,0.08218,0.00734216,9.17286,0,0.01218,1,1.00007,3.6032e-10,-5.49877e-09,1.8846,1.8846,1
588,0.08232,0.00733107,9.17286,0,0.01232,1,1.00008,3.61022e-10,-5.54277e-09,1.88319,1.88319,1
589,0.08246,0.00731999,9.17286,0,0.01246,1,1.00008,3.61725e-10,-5.58678e-09,1.88178,1.88178,1
590,0.0826,0.0073089,9.17286,0,0.0126,1,1.00008,3.62428e-10,-5.63078e-09,1.88037,1.88037,1
591,0.08274,0.00729782,9.17286,0,0.01274,1,1.00008,3.63131e-10,-5.67478e-09,1.87896,1.87896,1
592,0.08288,0.00728673,9.17286,0,0.01288,1,1.00008,3.63833e-10,-5.71879e-09,1.87755,1.87755,1
593,0.08302,0.00727565,9.17286,0,0.01302,1,1.00008,3.64536e-10,-5.76279e-09,1.87615,1.87615,1
594,0.08316,0.00726457,9.17286,0,0.01316,1,1.00009,3.65239e-10,-5.8068e-09,1.87474,1.87474,1
595,0.0833,0.00725348,9.17286,0,0.0133,1,1.00009,3.65941e-10,-5.8508e-09,1.87333,1.87333,1
596,0.08344,0.0072424,9.17286,0,0.01344,1,1.00009,3.66644e-10,-5.89481e-09,1.87192,1.87192,1
597,0.08358,0.00723132,9.17286,0,0.01358,1,1.00009,3.67347e-10,-5.93881e-09,1.87051,1.87051,1
598,0.08372,0.00722023,9.17286,0,0.01372,1,1.00009,3.6805e-10,-5.98282e-09,1.8691,1.8691,1
599,0.08386,0.00720915,9.17286,0,0.01386,1,1.0001,3.68752e-10,-6.02682e-09,1.86769,1.86769,1
600,0.084,0.00719806,9.17286,0,0.014,1,1.0001,3.69455e-10,-6.07082e-09,1.86628,1.86628,1
601,0.08414,0.00718698,9.17286,0,0.01414,1,1.0001,3.70158e-10,-6.11483e-09,1.86487,1.86487,1
602,0.08428,0.0071759,9.17286,0,0.01428,1,1.0001,3.70861e-10,-6.15883e-09,1.86346,1.86346,1
603,0.08442,0.00716481,9.17286,0,0.01442,1,1.0001,3.71563e-10,-6.20284e-09,1.86206,1.86206,1
604,0.08456,0.00715373,9.17286,0,0.01456,1,1.00011,3.72266e-10,-6.24684e-09,1.86065,1.86065,1
605,0.0847,0.00714264,9.17286,0,0.0147,1,1.00011,3.72969e-10,-6.29085e-09,1.85924,1.85924,1
606,0.08484,0.00713156,9.17286,0,0.01484,1,1.00011,3.73671e-10,-6.33485e-09,1.85783,1.85783,1
607,0.08498,0.00712048,9.17286,0,0.01498,1,1.00011,3.74374e-10,-6.37886e-09,1.85642,1.85642,1
608,0.08512,0.00710939,9.17286,0,0.01512,1,1.00011,3.75077e-10,-6.42286e-09,1.85501,1.85501,1
609,0.08526,0.00709831,9.17286,0,0.01526,1,1.00012,3.7578e-10,-6.46686e-09,1.8536,1.8536,1
610,0.0854,0.00708722,9.17286,0,0.0154,1,1.00012,3.76482e-10,-6.51087e-09,1.85219,1.85219,1
611,0.08554,0.00707614,9.17286,0,0.01554,1,1.00012,3.77185e-10,-6.55487e-09,1.85078,1.85078,1
612,0.08568,0.00706506,9.17286,0,0.01568,1,1.00012,3.77888e-10,-6.59888e-09,1.84937,1.84937,1
613,0.08582,0.00705397,9.17286,0,0.01582,1,1.00013,3.78591e-10,-6.64288e-09,1.84797,1.84797,1
614,0.08596,0.00704289,9.17286,0,0.01596,1,1.00013,3.79293e-10,-6.68689e-09,1.84656,1.84656,1
615,0.0861,0.0070318,9.17286,0,0.0161,1,1.00013,3.79996e-10,-6.73089e-09,1.84515,1.84515,1
616,0.08624,0.00702072,9.17286,0,0.01624,1,1.00013,3.80699e-10,-6.7749e-09,1.84374,1.84374,1
617,0.08638,0.00700964,9.17286,0,0.01638,1,1.00013,3.81401e-10,-6.8189e-09,1.84233,1.84233,1
618,0.08652,0.00699855,9.17286,0,0.01652,1,1.00014,3.82104e-10,-6.8629e-09,1.84092,1.84092,1
619,0.08666,0.00698747,9.17286,0,0.01666,1,1.00014,3.82807e-10,-6.90691e-09,1.83951,1.83951,1
620,0.0868,0.00697638,9.17286,0,0.0168,1,1.00014,3.8351e-10,-6.95091e-09,1.8381,1.8381,1
621,0.08694,0.0069653,9.17286,0,0.01694,1,1.00014,3.84212e-10,-6.99492e-09,1.83669,1.83669,1
622,0.08708,0.00695422,9.17286,0,0.01708,1,1.00015,3.84915e-10,-7.03892e-09,1.83529,1.83529,1
623,0.08722,0.00694313,9.17286,0,0.01722,1,1.00015,3.85618e-10,-7.08293e-09,1.83388,1.83388,1
624,0.08736,0.00693205,9.17286,0,0.01736,1,1.00015,3.8632e-10,-7.12693e-09,1.83247,1.83247,1
625,0.0875,0.00692096,9.17286,0,0.0175,1,1.00015,3.87023e-10,-7.17094e-09,1.83106,1.83106,1
626,0.08764,0.00690988,9.17286,0,0.01764,1,1.00016,3.87726e-10,-7.21494e-09,1.82965,1.82965,1
627,0.08778,0.0068988,9.17286,0,0.01778,1,1.00016,3.88429e-10,-7.25894e-09,1.82824,1.82824,1
628,0.08792,0.00688771,9.17286,0,0.01792,1,1.00016,3.89131e-10,-7.30295e-09,1.82683,1.82683,1
629,0.08806,0.00687663,9.17286,0,0.01806,1,1.00016,3.89834e-10,-7.34695e-09,1.82542,1.82542,1
630,0.0882,0.00686554,9.17286,0,0.0182,1,1.00017,3.90537e-10,-7.39096e-09,1.82401,1.82401,1
631,0.08834,0.00685446,9.17286,0,0.01834,1,1.00017,3.9124e-10,-7.43496e-09,1.8226,1.8226,1
632,0.08848,0.00684338,9.17286,0,0.01848,1,1.00017,3.91942e-10,-7.47897e-09,1.8212,1.8212,1
633,0.08862,0.00683229,9.17286,0,0.01862,1,1.00017,3.92645e-10,-7.52297e-09,1.81979,1.81979,1
634,0.08876,0.00682121,9.17286,0,0.01876,1,1.00018,3.93348e-10,-7.56698e-09,1.81838,1.81838,1
635,0.0889,0.00681012,9.17286,0,0.0189,1,1.00018,3.9405e-10,-7.61098e-09,1.81697,1.81697,1
636,0.08904,0.00679904,9.17286,0,0.01904,1,1.00018,3.94753e-10,-7.65498e-09,1.81556,1.81556,1
637,0.08918,0.00678796,9.17286,0,0.01918,1,1.00018,3.95456e-10,-7.69899e-09,1.81415,1.81415,1
638,0.08932,0.00677687,9.17286,0,0.01932,1,1.00019,3.96159e-10,-7.74299e-09,1.81274,1.81274,1
639,0.08946,0.00676579,9.17286,0,0.01946,1,1.00019,3.96861e-10,-7.787e-09,1.81133,1.81133,1
640,0.0896,0.00675471,9.17286,0,0.0196,1,1.00019,3.97564e-10,-7.831e-09,1.80992,1.80992,1
641,0.08974,0.00674362,9.17286,0,0.01974,1,1.00019,3.98267e-10,-7.87501e-09,1.80851,1.80851,1
642,0.08988,0.00673254,9.17286,0,0.01988,1,1.0002,3.9897e-10,-7.91901e-09,1.80711,1.80711,1
643,0.09002,0.00672145,9.17286,0,0.02002,1,1.0002,3.99672e-10,-7.96302e-09,1.8057,1.8057,1
644,0.09016,0.00671037,9.17286,0,0.02016,1,1.0002,4.00375e-10,-8.00702e-09,1.80429,1.80429,1
645,0.0903,0.00670294,9.17286,0,0.0203,1,1.00021,4.00598e-10,-8.04304e-09,1.80182,1.80182,1
646,0.09044,0.00669604,9.17286,0,0.02044,1,1.00021,4.00752e-10,-8.07792e-09,1.79921,1.79921,1
647,0.09058,0.00668915,9.17286,0,0.02058,1,1.00021,4.00905e-10,-8.11279e-09,1.79659,1.79659,1
648,0.09072,0.00668225,9.17286,0,0.02072,1,1.00021,4.01059e-10,-8.14766e-09,1.79397,1.79397,1
649,0.09086,0.00667535,9.17286,0,0.02086,1,1.00022,4.01213e-10,-8.18253e-09,1.79136,1.79136,1
650,0.091,0.00666845,9.17286,0,0.021,1,1.00022,4.01367e-10,-8.2174e-09,1.78874,1.78874,1
651,0.09114,0.00666155,9.17286,0,0.02114,1,1.00022,4.0152e-10,-8.25227e-09,1.78613,1.78613,1
652,0.09128,0.00665466,9.17286,0,0.02128,1,1.00023,4.01674e-10,-8.28715e-09,1.78351,1.78351,1
653,0.09142,0.00664776,9.17286,0,0.02142,1,1.00023,4.01828e-10,-8.32202e-09,1.78089,1.78089,1
654,0.09156,0.00664086,9.17286,0,0.02156,1,1.00023,4.01982e-10,-8.35689e-09,1.77828,1.77828,1
655,0.0917,0.00663396,9.17286,0,0.0217,1,1.00024,4.02135e-10,-8.39176e-09,1.77566,1.77566,1
656,0.09184,0.00662706,9.17286,0,0.02184,1,1.00024,4.02289e-10,-8.42663e-09,1.77304,1.77304,1
657,0.09198,0.00662017,9.17286,0,0.02198,1,1.00024,4.02443e-10,-8.4615e-09,1.77043,1.77043,1
658,0.09212,0.00661327,9.17286,0,0.02212,1,1.00024,4.02596e-10,-8.49637e-09,1.76781,1.76781,1
659,0.09226,0.00660637,9.17286,0,0.02226,1,1.00025,4.0275e-10,-8.53125e-09,1.76519,1.76519,1
660,0.0924,0.00659947,9.17286,0,0.0224,1,1.00025,4.02904e-10,-8.56612e-09,1.76258,1.76258,1
661,0.09254,0.00659257,9.17286,0,0.02254,1,1.00025,4.03058e-10,-8.60099e-09,1.75996,1.75996,1
662,0.09268,0.00658568,9.17286,0,0.02268,1,1.00026,4.03211e-10,-8.63586e-09,1.75734,1.75734,1
663,0.09282,0.00657878,9.17286,0,0.02282,1,1.00026,4.03365e-10,-8.67073e-09,1.75473,1.75473,1
664,0.09296,0.00657188,9.17286,0,0.02296,1,1.00026,4.03519e-10,-8.7056e-09,1.75211,1.75211,1
665,0.0931,0.00656498,9.17286,0,0.0231,1,1.00027,4.03673e-10,-8.74048e-09,1.7495,1.7495,1
666,0.09324,0.00655808,9.17286,0,0.02324,1,1.00027,4.03826e-10,-8.77535e-09,1.74688,1.74688,1
667,0.09338,0.00655119,9.17286,0,0.02338,1,1.00027,4.0398e-10,-8.81022e-09,1.74426,1.74426,1
668,0.09352,0.00654429,9.17286,0,0.02352,1,1.00028,4.04134e-10,-8.84509e-09,1.74165,1.74165,1
669,0.09366,0.00653739,9.17286,0,0.02366,1,1.00028,4.04287e-10,-8.87996e-09,1.73903,1.73903,1
670,0.0938,0.00653049,9.17286,0,0.0238,1,1.00028,4.04441e-10,-8.91483e-09,1.73641,1.73641,1
671,0.09394,0.00652359,9.17286,0,0.02394,1,1.00029,4.04595e-10,-8.9497e-09,1.7338,1.7338,1
672,0.09408,0.00651669,9.17286,0,0.02408,1,1.00029,4.04749e-10,-8.98458e-09,1.73118,1.73118,1
673,0.09422,0.0065098,9.17286,0,0.02422,1,1.00029,4.04902e-10,-9.01945e-09,1.72856,1.72856,1
674,0.09436,0.0065029,9.17286,0,0.02436,1,1.0003,4.05056e-10,-9.05432e-09,1.72595,1.72595,1
675,0.0945,0.006496,9.17286,0,0.0245,1,1.0003,4.0521e-10,-9.08919e-09,1.72333,1.72333,1
676,0.09464,0.0064891,9.17286,0,0.02464,1,1.0003,4.05364e-10,-9.12406e-09,1.72071,1.72071,1
677,0.09478,0.0064822,9.17286,0,0.02478,1,1.00031,4.05517e-10,-9.15893e-09,1.7181,1.7181,1
678,0.09492,0.00647531,9.17286,0,0.02492,1,1.00031,4.05671e-10,-9.19381e-09,1.71548,1.71548,1
679,0.09506,0.00646841,9.17286,0,0.02506,1,1.00031,4.05825e-10,-9.22868e-09,1.71286,1.71286,1
680,0.0952,0.00646151,9.17286,0,0.0252,1,1.00032,4.05979e-10,-9.26355e-09,1.71025,1.71025,1
681,0.09534,0.00645461,9.17286,0,0.02534,1,1.00032,4.06132e-10,-9.29842e-09,1.70763,1.70763,1
682,0.09548,0.00644771,9.17286,0,0.02548,1,1.00032,4.06286e-10,-9.33329e-09,1.70502,1.70502,1
683,0.09562,0.00644082,9.17286,0,0.02562,1,1.00033,4.0644e-10,-9.36816e-09,1.7024,1.7024,1
684,0.09576,0.00643392,9.17286,0,0.02576,1,1.00033,4.06593e-10,-9.40303e-09,1.69978,1.69978,1
685,0.0959,0.00642702,9.17286,0,0.0259,1,1.00034,4.06747e-10,-9.43791e-09,1.69717,1.69717,1
686,0.09604,0.00642012,9.17286,0,0.02604,1,1.00034,4.06901e-10,-9.47278e-09,1.69455,1.69455,1
687,0.09618,0.00641322,9.17286,0,0.02618,1,1.00034,4.07055e-10,-9.50765e-09,1.69193,1.69193,1
688,0.09632,0.00640633,9.17286,0,0.02632,1,1.00035,4.07208e-10,-9.54252e-09,1.68932,1.68932,1
689,0.09646,0.00639943,9.17286,0,0.02646,1,1.00035,4.07362e-10,-9.57739e-09,1.6867,1.6867,1
690,0.0966,0.00639253,9.17286,0,0.0266,1,1.00035,4.07516e-10,-9.61226e-09,1.68408,1.68408,1
691,0.09674,0.00638563,9.17286,0,0.02674,1,1.00036,4.0767e-10,-9.64714e-09,1.68147,1.68147,1
692,0.09688,0.00637873,9.17286,0,0.02688,1,1.00036,4.07823e-10,-9.68201e-09,1.67885,1.67885,1
693,0.09702,0.00637184,9.17286,0,0.02702,1,1.00037,4.07977e-10,-9.71688e-09,1.67623,1.67623,1
694,0.09716,0.00636494,9.17286,0,0.02716,1,1.00037,4.08131e-10,-9.75175e-09,1.67362,1.67362,1
695,0.0973,0.00635804,9.17286,0,0.0273,1,1.00037,4.08284e-10,-9.78662e-09,1.671,1.671,1
696,0.09744,0.00635114,9.17286,0,0.02744,1,1.00038,4.08438e-10,-9.82149e-09,1.66839,1.66839,1
697,0.09758,0.00634424,9.17286,0,0.02758,1,1.00038,4.08592e-10,-9.85637e-09,1.66577,1.66577,1
698,0.09772,0.00633735,9.17286,0,0.02772,1,1.00038,4.08746e-10,-9.89124e-09,1.66315,1.66315,1
699,0.09786,0.00633045,9.17286,0,0.02786,1,1.00039,4.08899e-10,-9.92611e-09,1.66054,1.66054,1
700,0.098,0.00632355,9.17286,0,0.028,1,1.00039,4.09053e-10,-9.96098e-09,1.65792,1.65792,1
701,0.09814,0.00631665,9.17286,0,0.02814,1,1.0004,4.09207e-10,-9.99585e-09,1.6553,1.6553,1
702,0.09828,0.00630975,9.17286,0,0.02828,1,1.0004,4.0936e-10,-1.00307e-08,1.65269,1.65269,1
703,0.09842,0.00630285,9.17286,0,0.02842,1,1.0004,4.09514e-10,-1.00656e-08,1.65007,1.65007,1
704,0.09856,0.00629596,9.17286,0,0.02856,1,1.00041,4.09668e-10,-1.01005e-08,1.64745,1.64745,1
705,0.0987,0.00628906,9.17286,0,0.0287,1,1.00041,4.09822e-10,-1.01353e-08,1.64484,1.64484,1
706,0.09884,0.00628216,9.17286,0,0.02884,1,1.00042,4.09975e-10,-1.01702e-08,1.64222,1.64222,1
707,0.09898,0.00627526,9.17286,0,0.02898,1,1.00042,4.10129e-10,-1.02051e-08,1.6396,1.6396,1
708,0.09912,0.00626836,9.17286,0,0.02912,1,1.00042,4.10283e-10,-1.024e-08,1.63699,1.63699,1
709,0.09926,0.00626147,9.17286,0,0.02926,1,1.00043,4.10437e-10,-1.02748e-08,1.63437,1.63437,1
710,0.0994,0.00625457,9.17286,0,0.0294,1,1.00043,4.1059e-10,-1.03097e-08,1.63176,1.63176,1
711,0.09954,0.00624767,9.17286,0,0.02954,1,1.00044,4.10744e-10,-1.03446e-08,1.62914,1.62914,1
712,0.09968,0.00624077,9.17286,0,0.02968,1,1.00044,4.10898e-10,-1.03794e-08,1.62652,1.62652,1
713,0.09982,0.00623387,9.17286,0,0.02982,1,1.00044,4.11051e-10,-1.04143e-08,1.62391,1.62391,1
714,0.09996,0.00622698,9.17286,0,0.02996,1,1.00045,4.11205e-10,-1.04492e-08,1.62129,1.62129,1
715,0.1001,0.00622008,9.17286,0,0.0301,1,1.00045,4.11359e-10,-1.04841e-08,1.61867,1.61867,1
716,0.10024,0.00621497,9.17286,0,0.03024,1,1.00046,4.09564e-10,-1.04972e-08,1.61562,1.61562,1
717,0.10038,0.00621102,9.17286,0,0.03038,1,1.00046,4.06497e-10,-1.04961e-08,1.61229,1.61229,1
718,0.10052,0.00620707,9.17286,0,0.03052,1,1.00047,4.0343e-10,-1.04951e-08,1.60896,1.60896,1
719,0.10066,0.00620313,9.17286,0,0.03066,1,1.00047,4.00363e-10,-1.04941e-08,1.60563,1.60563,1
720,0.1008,0.00619918,9.17286,0,0.0308,1,1.00047,3.97297e-10,-1.0493e-08,1.6023,1.6023,1
721,0.10094,0.00619524,9.17286,0,0.03094,1,1.00048,3.9423e-10,-1.0492e-08,1.59897,1.59897,1
722,0.10108,0.00619129,9.17286,0,0.03108,1,1.00048,3.91163e-10,-1.04909e-08,1.59564,1.59564,1
723,0.10122,0.00618735,9.17286,0,0.03122,1,1.00049,3.88097e-10,-1.04899e-08,1.5923,1.5923,1
724,0.10136,0.0061834,9.17286,0,0.03136,1,1.00049,3.8503e-10,-1.04888e-08,1.58897,1.58897,1
725,0.1015,0.00617945,9.17286,0,0.0315,1,1.0005,3.81963e-10,-1.04878e-08,1.58564,1.58564,1
726,0.10164,0.00617551,9.17286,0,0.03164,1,1.0005,3.78897e-10,-1.04867e-08,1.58231,1.58231,1
727,0.10178,0.00617156,9.17286,0,0.03178,1,1.0005,3.7583e-10,-1.04857e-08,1.57898,1.57898,1
728,0.10192,0.00616762,9.17286,0,0.03192,1,1.00051,3.72763e-10,-1.04847e-08,1.57565,1.57565,1
729,0.10206,0.00616367,9.17286,0,0.03206,1,1.00051,3.69697e-10,-1.04836e-08,1.57232,1.57232,1
730,0.1022,0.00615972,9.17286,0,0.0322,1,1.00052,3.6663e-10,-1.04826e-08,1.56898,1.56898,1
731,0.10234,0.00615578,9.17286,0,0.03234,1,1.00052,3.63563e-10,-1.04815e-08,1.56565,1.56565,1
732,0.10248,0.00615183,9.17286,0,0.03248,1,1.00053,3.60497e-10,-1.04805e-08,1.56232,1.56232,1
733,0.10262,0.00614789,9.17286,0,0.03262,1,1.00053,3.5743e-10,-1.04794e-08,1.55899,1.55899,1
734,0.10276,0.00614394,9.17286,0,0.03276,1,1.00054,3.54363e-10,-1.04784e-08,1.55566,1.55566,1
735,0.1029,0.00613999,9.17286,0,0.0329,1,1.00054,3.51297e-10,-1.04774e-08,1.55233,1.55233,1
736,0.10304,0.00613605,9.17286,0,0.03304,1,1.00055,3.4823e-10,-1.04763e-08,1.549,1.549,1
737,0.10318,0.0061321,9.17286,0,0.03318,1,1.00055,3.45163e-10,-1.04753e-08,1.54567,1.54567,1
738,0.10332,0.00612816,9.17286,0,0.03332,1,1.00055,3.42097e-10,-1.04742e-08,1.54233,1.54233,1
739,0.10346,0.00612421,9.17286,0,0.03346,1,1.00056,3.3903e-10,-1.04732e-08,1.539,1.539,1
740,0.1036,0.00612026,9.17286,0,0.0336,1,1.00056,3.35963e-10,-1.04721e-08,1.53567,1.53567,1
741,0.10374,0.00611632,9.17286,0,0.03374,1,1.00057,3.32896e-10,-1.04711e-08,1.53234,1.53234,1
742,0.10388,0.00611237,9.17286,0,0.03388,1,1.00057,3.2983e-10,-1.047e-08,1.52901,1.52901,1
743,0.10402,0.00610843,9.17286,0,0.03402,1,1.00058,3.26763e-10,-1.0469e-08,1.52568,1.52568,1
744,0.10416,0.00610448,9.17286,0,0.03416,1,1.00058,3.23696e-10,-1.0468e-08,1.52235,1.52235,1
745,0.1043,0.00610053,9.17286,0,0.0343,1,1.00059,3.2063e-10,-1.04669e-08,1.51901,1.51901,1
746,0.10444,0.00609659,9.17286,0,0.03444,1,1.00059,3.17563e-10,-1.04659e-08,1.51568,1.51568,1
747,0.10458,0.00609264,9.17286,0,0.03458,1,1.0006,3.14496e-10,-1.04648e-08,1.51235,1.51235,1
748,0.10472,0.0060887,9.17286,0,0.03472,1,1.0006,3.1143e-10,-1.04638e-08,1.50902,1.50902,1
749,0.10486,0.00608475,9.17286,0,0.03486,1,1.00061,3.08363e-10,-1.04627e-08,1.50569,1.50569,1
750,0.105,0.00608081,9.17286,0,0.035,1,1.00061,3.05296e-10,-1.04617e-08,1.50236,1.50236,1
751,0.10514,0.00607686,9.17286,0,0.03514,1,1.00062,3.0223e-10,-1.04606e-08,1.49903,1.49903,1
752,0.10528,0.00607291,9.17286,0,0.03528,1,1.00062,2.99163e-10,-1.04596e-08,1.49569,1.49569,1
753,0.10542,0.00606897,9.17286,0,0.03542,1,1.00063,2.96096e-10,-1.04586e-08,1.49236,1.49236,1
754,0.10556,0.00606502,9.17286,0,0.03556,1,1.00063,2.9303e-10,-1.04575e-08,1.48903,1.48903,1
755,0.1057,0.00606108,9.17286,0,0.0357,1,1.00064,2.89963e-10,-1.04565e-08,1.4857,1.4857,1
756,0.10584,0.00605713,9.17286,0,0.03584,1,1.00064,2.86896e-10,-1.04554e-08,1.48237,1.48237,1
757,0.10598,0.00605318,9.17286,0,0.03598,1,1.00065,2.8383e-10,-1.04544e-08,1.47904,1.47904,1
758,0.10612,0.00604924,9.17286,0,0.03612,1,1.00065,2.80763e-10,-1.04533e-08,1.47571,1.47571,1
759,0.10626,0.00604529,9.17286,0,0.03626,1,1.00066,2.77696e-10,-1.04523e-08,1.47237,1.47237,1
760,0.1064,0.00604135,9.17286,0,0.0364,1,1.00066,2.74629e-10,-1.04513e-08,1.46904,1.46904,1
761,0.10654,0.0060374,9.17286,0,0.03654,1,1.00067,2.71563e-10,-1.04502e-08,1.46571,1.46571,1
762,0.10668,0.00603345,9.17286,0,0.03668,1,1.00067,2.68496e-10,-1.04492e-08,1.46238,1.46238,1
763,0.10682,0.00602951,9.17286,0,0.03682,1,1.00068,2.65429e-10,-1.04481e-08,1.45905,1.45905,1
764,0.10696,0.00602556,9.17286,0,0.03696,1,1.00068,2.62363e-10,-1.04471e-08,1.45572,1.45572,1
765,0.1071,0.00602162,9.17286,0,0.0371,1,1.00069,2.59296e-10,-1.0446e-08,1.45239,1.45239,1
766,0.10724,0.00601767,9.17286,0,0.03724,1,1.00069,2.56229e-10,-1.0445e-08,1.44906,1.44906,1
767,0.10738,0.00601372,9.17286,0,0.03738,1,1.0007,2.53163e-10,-1.04439e-08,1.44572,1.44572,1
768,0.10752,0.00600978,9.17286,0,0.03752,1,1.0007,2.50096e-10,-1.04429e-08,1.44239,1.44239,1
769,0.10766,0.00600583,9.17286,0,0.03766,1,1.00071,2.47029e-10,-1.04419e-08,1.43906,1.43906,1
770,0.1078,0.00600189,9.17286,0,0.0378,1,1.00071,2.43963e-10,-1.04408e-08,1.43573,1.43573,1
771,0.10794,0.00599794,9.17286,0,0.03794,1,1.00072,2.40896e-10,-1.04398e-08,1.4324,1.4324,1
772,0.10808,0.005994,9.17286,0,0.03808,1,1.00072,2.37829e-10,-1.04387e-08,1.42907,1.42907,1
773,0.10822,0.00599005,9.17286,0,0.03822,1,1.00073,2.34763e-10,-1.04377e-08,1.42574,1.42574,1
774,0.10836,0.0059861,9.17286,0,0.03836,1,1.00074,2.31696e-10,-1.04366e-08,1.4224,1.4224,1
775,0.1085,0.00598216,9.17286,0,0.0385,1,1.00074,2.28629e-10,-1.04356e-08,1.41907,1.41907,1
776,0.10864,0.00597821,9.17286,0,0.03864,1,1.00075,2.25563e-10,-1.04346e-08,1.41574,1.41574,1
777,0.10878,0.00597427,9.17286,0,0.03878,1,1.00075,2.22496e-10,-1.04335e-08,1.41241,1.41241,1
778,0.10892,0.00597032,9.17286,0,0.03892,1,1.00076,2.19429e-10,-1.04325e-08,1.40908,1.40908,1
779,0.10906,0.00596637,9.17286,0,0.03906,1,1.00076,2.16363e-10,-1.04314e-08,1.40575,1.40575,1
780,0.1092,0.00596243,9.17286,0,0.0392,1,1.00077,2.13296e-10,-1.04304e-08,1.40242,1.40242,1
781,0.10934,0.00595848,9.17286,0,0.03934,1,1.00077,2.10229e-10,-1.04293e-08,1.39908,1.39908,1
782,0.10948,0.00595454,9.17286,0,0.03948,1,1.00078,2.07162e-10,-1.04283e-08,1.39575,1.39575,1
783,0.10962,0.00595059,9.17286,0,0.03962,1,1.00078,2.04096e-10,-1.04272e-08,1.39242,1.39242,1
784,0.10976,0.00594664,9.17286,0,0.03976,1,1.00079,2.01029e-10,-1.04262e-08,1.38909,1.38909,1
785,0.1099,0.0059427,9.17286,0,0.0399,1,1.0008,1.97962e-10,-1.04252e-08,1.38576,1.38576,1
786,0.11004,0.00593878,9.17286,0,0.04004,1,1.0008,1.92835e-10,-1.04e-08,1.38141,1.38141,1
787,0.11018,0.00593495,9.17286,0,0.04018,1,1.00081,1.82557e-10,-1.03144e-08,1.37449,1.37449,1
788,0.11032,0.00593111,9.17286,0,0.04032,1,1.00081,1.72278e-10,-1.02289e-08,1.36758,1.36758,1
789,0.11046,0.00592728,9.17286,0,0.04046,1,1.00082,1.62e-10,-1.01434e-08,1.36067,1.36067,1
790,0.1106,0.00592345,9.17286,0,0.0406,1,1.00082,1.51721e-10,-1.00578e-08,1.35376,1.35376,1
791,0.11074,0.00591961,9.17286,0,0.04074,1,1.00083,1.41443e-10,-9.97228e-09,1.34685,1.34685,1
792,0.11088,0.00591578,9.17286,0,0.04088,1,1.00084,1.31164e-10,-9.88674e-09,1.33994,1.33994,1
793,0.11102,0.00591194,9.17286,0,0.04102,1,1.00084,1.20886e-10,-9.8012e-09,1.33303,1.33303,1
794,0.11116,0.00590811,9.17286,0,0.04116,1,1.00085,1.10608e-10,-9.71567e-09,1.32612,1.32612,1
795,0.1113,0.00590427,9.17286,0,0.0413,1,1.00085,1.00329e-10,-9.63013e-09,1.31921,1.31921,1
796,0.11144,0.00590044,9.17286,0,0.04144,1,1.00086,9.00505e-11,-9.54459e-09,1.31229,1.31229,1
797,0.11158,0.0058966,9.17286,0,0.04158,1,1.00086,7.9772e-11,-9.45905e-09,1.30538,1.30538,1
798,0.11172,0.00589277,9.17286,0,0.04172,1,1.00087,6.94936e-11,-9.37351e-09,1.29847,1.29847,1
799,0.11186,0.00588893,9.17286,0,0.04186,1,1.00088,5.92151e-11,-9.28798e-09,1.29156,1.29156,1
800,0.112,0.0058851,9.17286,0,0.042,1,1.00088,4.89366e-11,-9.20244e-09,1.28465,1.28465,1
801,0.11214,0.00588126,9.17286,0,0.04214,1,1.00089,3.86581e-11,-9.1169e-09,1.27774,1.27774,1
802,0.11228,0.00587743,9.17286,0,0.04228,1,1.00089,2.83796e-11,-9.03136e-09,1.27083,1.27083,1
803,0.11242,0.00587359,9.17286,0,0.04242,1,1.0009,1.81011e-11,-8.94582e-09,1.26392,1.26392,1
804,0.11256,0.00586976,9.17286,0,0.04256,1,1.00091,7.82263e-12,-8.86029e-09,1.257,1.257,1
805,0.1127,0.00586592,9.17286,0,0.0427,1,1.00091,-2.45585e-12,-8.77475e-09,1.25009,1.25009,1
806,0.11284,0.00586209,9.17286,0,0.04284,1,1.00092,-1.27343e-11,-8.68921e-09,1.24318,1.24318,1
807,0.11298,0.00585826,9.17286,0,0.04298,1,1.00092,-2.30128e-11,-8.60367e-09,1.23627,1.23627,1
808,0.11312,0.00585442,9.17286,0,0.04312,1,1.00093,-3.32913e-11,-8.51813e-09,1.22936,1.22936,1
809,0.11326,0.00585059,9.17286,0,0.04326,1,1.00094,-4.35698e-11,-8.4326e-09,1.22245,1.22245,1
810,0.1134,0.00584675,9.17286,0,0.0434,1,1.00094,-5.38483e-11,-8.34706e-09,1.21554,1.21554,1
811,0.11354,0.00584292,9.17286,0,0.04354,1,1.00095,-6.41268e-11,-8.26152e-09,1.20863,1.20863,1
812,0.11368,0.00583908,9.17286,0,0.04368,1,1.00095,-7.44053e-11,-8.17598e-09,1.20172,1.20172,1
813,0.11382,0.00583623,9.17286,0,0.04382,1,1.00096,-8.08251e-11,-8.09477e-09,1.19568,1.19568,1
814,0.11396,0.00583435,9.17286,0,0.04396,1,1.00097,-8.33866e-11,-8.01788e-09,1.19053,1.19053,1
815,0.1141,0.00583247,9.17286,0,0.0441,1,1.00097,-8.5948e-11,-7.94099e-09,1.18538,1.18538,1
816,0.11424,0.0058306,9.17286,0,0.04424,1,1.00098,-8.85094e-11,-7.8641e-09,1.18023,1.18023,1
817,0.11438,0.00582872,9.17286,0,0.04438,1,1.00098,-9.10709e-11,-7.78721e-09,1.17508,1.17508,1
818,0.11452,0.00582684,9.17286,0,0.04452,1,1.00099,-9.36323e-11,-7.71032e-09,1.16993,1.16993,1
819,0.11466,0.00582497,9.17286,0,0.04466,1,1.001,-9.61937e-11,-7.63344e-09,1.16478,1.16478,1
820,0.1148,0.00582309,9.17286,0,0.0448,1,1.001,-9.87551e-11,-7.55655e-09,1.15963,1.15963,1
821,0.11494,0.00582121,9.17286,0,0.04494,1,1.00101,-1.01317e-10,-7.47966e-09,1.15448,1.15448,1
822,0.11508,0.00581934,9.17286,0,0.04508,1,1.00102,-1.03878e-10,-7.40277e-09,1.14933,1.14933,1
823,0.11522,0.00581746,9.17286,0,0.04522,1,1.00102,-1.06439e-10,-7.32588e-09,1.14417,1.14417,1
824,0.11536,0.00581558,9.17286,0,0.04536,1,1.00103,-1.09001e-10,-7.24899e-09,1.13902,1.13902,1
825,0.1155,0.00581371,9.17286,0,0.0455,1,1.00103,-1.11562e-10,-7.17211e-09,1.13387,1.13387,1
826,0.11564,0.00581183,9.17286,0,0.04564,1,1.00104,-1.14124e-10,-7.09522e-09,1.12872,1.12872,1
827,0.11578,0.00580995,9.17286,0,0.04578,1,1.00105,-1.16685e-10,-7.01833e-09,1.12357,1.12357,1
828,0.11592,0.00580808,9.17286,0,0.04592,1,1.00105,-1.19247e-10,-6.94144e-09,1.11842,1.11842,1
829,0.11606,0.0058062,9.17286,0,0.04606,1,1.00106,-1.21808e-10,-6.86455e-09,1.11327,1.11327,1
830,0.1162,0.00580433,9.17286,0,0.0462,1,1.00107,-1.24369e-10,-6.78766e-09,1.10812,1.10812,1
831,0.11634,0.00580245,9.17286,0,0.04634,1,1.00107,-1.26931e-10,-6.71077e-09,1.10297,1.10297,1
832,0.11648,0.00580057,9.17286,0,0.04648,1,1.00108,-1.29492e-10,-6.63388e-09,1.09782,1.09782,1
833,0.11662,0.0057987,9.17286,0,0.04662,1,1.00109,-1.32054e-10,-6.557e-09,1.09266,1.09266,1
834,0.11676,0.00579682,9.17286,0,0.04676,1,1.00109,-1.34615e-10,-6.48011e-09,1.08751,1.08751,1
835,0.1169,0.00579494,9.17286,0,0.0469,1,1.0011,-1.37176e-10,-6.40322e-09,1.08236,1.08236,1
836,0.11704,0.00579307,9.17286,0,0.04704,1,1.00111,-1.39738e-10,-6.32633e-09,1.07721,1.07721,1
837,0.11718,0.00579119,9.17286,0,0.04718,1,1.00111,-1.42299e-10,-6.24944e-09,1.07206,1.07206,1
838,0.11732,0.00578931,9.17286,0,0.04732,1,1.00112,-1.44861e-10,-6.17255e-09,1.06691,1.06691,1
839,0.11746,0.00578744,9.17286,0,0.04746,1,1.00113,-1.47422e-10,-6.09566e-09,1.06176,1.06176,1
840,0.1176,0.00578538,9.17286,0,0.0476,1,1.00113,-1.48033e-10,-6.02434e-09,1.05637,1.05637,1
841,0.11774,0.00578325,9.17286,0,0.04774,1,1.00114,-1.47863e-10,-5.95524e-09,1.0509,1.0509,1
842,0.11788,0.00578112,9.17286,0,0.04788,1,1.00115,-1.47694e-10,-5.88615e-09,1.04542,1.04542,1
843,0.11802,0.00577899,9.17286,0,0.04802,1,1.00115,-1.47524e-10,-5.81705e-09,1.03994,1.03994,1
844,0.11816,0.00577686,9.17286,0,0.04816,1,1.00116,-1.47354e-10,-5.74796e-09,1.03446,1.03446,1
845,0.1183,0.00577473,9.17286,0,0.0483,1,1.00117,-1.47185e-10,-5.67886e-09,1.02898,1.02898,1
846,0.11844,0.0057726,9.17286,0,0.04844,1,1.00117,-1.47015e-10,-5.60976e-09,1.02351,1.02351,1
847,0.11858,0.00577047,9.17286,0,0.04858,1,1.00118,-1.46845e-10,-5.54067e-09,1.01803,1.01803,1
848,0.11872,0.00576834,9.17286,0,0.04872,1,1.00119,-1.46676e-10,-5.47157e-09,1.01255,1.01255,1
849,0.11886,0.00576621,9.17286,0,0.04886,1,1.00119,-1.46506e-10,-5.40248e-09,1.00707,1.00707,1
850,0.119,0.00576408,9.17286,0,0.049,1,1.0012,-1.46336e-10,-5.33338e-09,1.00159,1.00159,1
851,0.11914,0.00576195,9.17286,0,0.04914,1,1.00121,-1.46167e-10,-5.26429e-09,0.996116,0.996116,1
852,0.11928,0.00575982,9.17286,0,0.04928,1,1.00121,-1.45997e-10,-5.19519e-09,0.990637,0.990637,1
853,0.11942,0.00575769,9.17286,0,0.04942,1,1.00122,-1.45827e-10,-5.1261e-09,0.985159,0.985159,1
854,0.11956,0.00575556,9.17286,0,0.04956,1,1.00123,-1.45658e-10,-5.057e-09,0.979681,0.979681,1
855,0.1197,0.00575342,9.17286,0,0.0497,1,1.00123,-1.45488e-10,-4.9879e-09,0.974203,0.974203,1
856,0.11984,0.0057513,9.17286,0,0.04984,1,1.00124,-1.45318e-10,-4.91881e-09,0.968725,0.968725,1
857,0.11998,0.00574916,9.17286,0,0.04998,1,1.00125,-1.45149e-10,-4.84971e-09,0.963247,0.963247,1
858,0.12012,0.00574703,9.17286,0,0.05012,1,1.00126,-1.44979e-10,-4.78062e-09,0.957769,0.957769,1
859,0.12026,0.0057449,9.17286,0,0.05026,1,1.00126,-1.4481e-10,-4.71152e-09,0.952291,0.952291,1
860,0.1204,0.00574277,9.17286,0,0.0504,1,1.00127,-1.4464e-10,-4.64242e-09,0.946813,0.946813,1
861,0.12054,0.00574064,9.17286,0,0.05054,1,1.00128,-1.4447e-10,-4.57333e-09,0.941335,0.941335,1
862,0.12068,0.00573851,9.17286,0,0.05068,1,1.00128,-1.44301e-10,-4.50423e-09,0.935857,0.935857,1
863,0.12082,0.00573638,9.17286,0,0.05082,1,1.00129,-1.44131e-10,-4.43514e-09,0.930379,0.930379,1
864,0.12096,0.00573425,9.17286,0,0.05096,1,1.0013,-1.43961e-10,-4.36604e-09,0.924901,0.924901,1
865,0.1211,0.00573212,9.17286,0,0.0511,1,1.0013,-1.43792e-10,-4.29694e-09,0.919423,0.919423,1
866,0.12124,0.00572999,9.17286,0,0.05124,1,1.00131,-1.43622e-10,-4.22785e-09,0.913945,0.913945,1
867,0.12138,0.00572773,9.17286,0,0.05138,1,1.00132,-1.4355e-10,-4.16214e-09,0.908106,0.908106,1
868,0.12152,0.00572545,9.17286,0,0.05152,1,1.00133,-1.43485e-10,-4.09669e-09,0.902238,0.902238,1
869,0.12166,0.00572318,9.17286,0,0.05166,1,1.00133,-1.4342e-10,-4.03124e-09,0.896371,0.896371,1
870,0.1218,0.00572091,9.17286,0,0.0518,1,1.00134,-1.43355e-10,-3.9658e-09,0.890504,0.890504,1
871,0.12194,0.00571863,9.17286,0,0.05194,1,1.00135,-1.4329e-10,-3.90035e-09,0.884636,0.884636,1
872,0.12208,0.00571636,9.17286,0,0.05208,1,1.00136,-1.43225e-10,-3.8349e-09,0.878769,0.878769,1
873,0.12222,0.00571408,9.17286,0,0.05222,1,1.00136,-1.4316e-10,-3.76945e-09,0.872901,0.872901,1
874,0.12236,0.00571181,9.17286,0,0.05236,1,1.00137,-1.43095e-10,-3.70401e-09,0.867034,0.867034,1
875,0.1225,0.00570954,9.17286,0,0.0525,1,1.00138,-1.4303e-10,-3.63856e-09,0.861167,0.861167,1
876,0.12264,0.00570726,9.17286,0,0.05264,1,1.00138,-1.42965e-10,-3.57311e-09,0.855299,0.855299,1
877,0.12278,0.00570499,9.17286,0,0.05278,1,1.00139,-1.429e-10,-3.50767e-09,0.849432,0.849432,1
878,0.12292,0.00570271,9.17286,0,0.05292,1,1.0014,-1.42835e-10,-3.44222e-09,0.843565,0.843565,1
879,0.12306,0.00570044,9.17286,0,0.05306,1,1.00141,-1.4277e-10,-3.37677e-09,0.837697,0.837697,1
880,0.1232,0.00569817,9.17286,0,0.0532,1,1.00141,-1.42705e-10,-3.31132e-09,0.83183,0.83183,1
881,0.12334,0.00569589,9.17286,0,0.05334,1,1.00142,-1.4264e-10,-3.24588e-09,0.825963,0.825963,1
882,0.12348,0.00569362,9.17286,0,0.05348,1,1.00143,-1.42575e-10,-3.18043e-09,0.820095,0.820095,1
883,0.12362,0.00569134,9.17286,0,0.05362,1,1.00144,-1.4251e-10,-3.11498e-09,0.814228,0.814228,1
884,0.12376,0.00568907,9.17286,0,0.05376,1,1.00144,-1.42445e-10,-3.04953e-09,0.808361,0.808361,1
885,0.1239,0.0056868,9.17286,0,0.0539,1,1.00145,-1.4238e-10,-2.98408e-09,0.802493,0.802493,1
886,0.12404,0.00568452,9.17286,0,0.05404,1,1.00146,-1.42315e-10,-2.91864e-09,0.796626,0.796626,1
887,0.12418,0.00568225,9.17286,0,0.05418,1,1.00147,-1.4225e-10,-2.85319e-09,0.790758,0.790758,1
888,0.12432,0.00567997,9.17286,0,0.05432,1,1.00147,-1.42185e-10,-2.78774e-09,0.784891,0.784891,1
889,0.12446,0.0056777,9.17286,0,0.05446,1,1.00148,-1.4212e-10,-2.72229e-09,0.779024,0.779024,1
890,0.1246,0.00567543,9.17286,0,0.0546,1,1.00149,-1.42055e-10,-2.65685e-09,0.773156,0.773156,1
891,0.12474,0.00567315,9.17286,0,0.05474,1,1.0015,-1.4199e-10,-2.5914e-09,0.767289,0.767289,1
892,0.12488,0.00567088,9.17286,0,0.05488,1,1.0015,-1.41925e-10,-2.52595e-09,0.761422,0.761422,1
893,0.12502,0.0056686,9.17286,0,0.05502,1,1.00151,-1.41832e-10,-2.4621e-09,0.755491,0.755491,1
894,0.12516,0.00566627,9.17286,0,0.05516,1,1.00152,-1.41572e-10,-2.40786e-09,0.749184,0.749184,1
895,0.1253,0.00566395,9.17286,0,0.0553,1,1.00153,-1.41312e-10,-2.35361e-09,0.742877,0.742877,1
896,0.12544,0.00566162,9.17286,0,0.05544,1,1.00154,-1.41052e-10,-2.29937e-09,0.73657,0.73657,1
897,0.12558,0.0056593,9.17286,0,0.05558,1,1.00154,-1.40792e-10,-2.24512e-09,0.730263,0.730263,1
898,0.12572,0.00565697,9.17286,0,0.05572,1,1.00155,-1.40532e-10,-2.19087e-09,0.723956,0.723956,1
899,0.12586,0.00565465,9.17286,0,0.05586,1,1.00156,-1.40272e-10,-2.13663e-09,0.717649,0.717649,1
900,0.126,0.00565232,9.17286,0,0.056,1,1.00157,-1.40012e-10,-2.08238e-09,0.711342,0.711342,1
901,0.12614,0.00565,9.17286,0,0.05614,1,1.00157,-1.39752e-10,-2.02814e-09,0.705035,0.705035,1
902,0.12628,0.00564767,9.17286,0,0.05628,1,1.00158,-1.39492e-10,-1.97389e-09,0.698728,0.698728,1
903,0.12642,0.00564535,9.17286,0,0.05642,1,1.00159,-1.39232e-10,-1.91965e-09,0.692422,0.692422,1
904,0.12656,0.00564302,9.17286,0,0.05656,1,1.0016,-1.38972e-10,-1.8654e-09,0.686115,0.686115,1
905,0.1267,0.0056407,9.17286,0,0.0567,1,1.00161,-1.38713e-10,-1.81116e-09,0.679808,0.679808,1
906,0.12684,0.00563837,9.17286,0,0.05684,1,1.00161,-1.38453e-10,-1.75691e-09,0.673501,0.673501,1
907,0.12698,0.00563605,9.17286,0,0.05698,1,1.00162,-1.38193e-10,-1.70266e-09,0.667194,0.667194,1
908,0.12712,0.00563372,9.17286,0,0.05712,1,1.00163,-1.37933e-10,-1.64842e-09,0.660887,0.660887,1
909,0.12726,0.0056314,9.17286,0,0.05726,1,1.00164,-1.37673e-10,-1.59417e-09,0.65458,0.65458,1
910,0.1274,0.00562907,9.17286,0,0.0574,1,1.00165,-1.37413e-10,-1.53993e-09,0.648273,0.648273,1
911,0.12754,0.00562675,9.17286,0,0.05754,1,1.00165,-1.37153e-10,-1.48568e-09,0.641966,0.641966,1
912,0.12768,0.00562442,9.17286,0,0.05768,1,1.00166,-1.36893e-10,-1.43143e-09,0.635659,0.635659,1
913,0.12782,0.0056221,9.17286,0,0.05782,1,1.00167,-1.36633e-10,-1.37719e-09,0.629351,0.629351,1
914,0.12796,0.00561977,9.17286,0,0.05796,1,1.00168,-1.36373e-10,-1.32294e-09,0.623044,0.623044,1
915,0.1281,0.00561745,9.17286,0,0.0581,1,1.00169,-1.36113e-10,-1.2687e-09,0.616737,0.616737,1
916,0.12824,0.00561512,9.17286,0,0.05824,1,1.00169,-1.35853e-10,-1.21445e-09,0.61043,0.61043,1
917,0.12838,0.0056128,9.17286,0,0.05838,1,1.0017,-1.35593e-10,-1.16021e-09,0.604123,0.604123,1
918,0.12852,0.00561047,9.17286,0,0.05852,1,1.00171,-1.35333e-10,-1.10596e-09,0.597816,0.597816,1
919,0.12866,0.00560815,9.17286,0,0.05866,1,1.00172,-1.35073e-10,-1.05171e-09,0.591509,0.591509,1
920,0.1288,0.00560583,9.17286,0,0.0588,1,1.00173,-1.3444e-10,-1.00402e-09,0.58503,0.58503,1
921,0.12894,0.00560351,9.17286,0,0.05894,1,1.00174,-1.33136e-10,-9.68126e-10,0.578241,0.578241,1
922,0.12908,0.00560118,9.17286,0,0.05908,1,1.00174,-1.31831e-10,-9.3223e-10,0.571452,0.571452,1
923,0.12922,0.00559886,9.17286,0,0.05922,1,1.00175,-1.30526e-10,-8.96333e-10,0.564663,0.564663,1
924,0.12936,0.00559654,9.17286,0,0.05936,1,1.00176,-1.29221e-10,-8.60437e-10,0.557874,0.557874,1
925,0.1295,0.00559422,9.17286,0,0.0595,1,1.00177,-1.27917e-10,-8.24541e-10,0.551084,0.551084,1
926,0.12964,0.0055919,9.17286,0,0.05964,1,1.00178,-1.26612e-10,-7.88645e-10,0.544295,0.544295,1
927,0.12978,0.00558958,9.17286,0,0.05978,1,1.00179,-1.25307e-10,-7.52749e-10,0.537506,0.537506,1
928,0.12992,0.00558726,9.17286,0,0.05992,1,1.00179,-1.24003e-10,-7.16852e-10,0.530717,0.530717,1
929,0.13006,0.00558494,9.17286,0,0.06006,1,1.0018,-1.22698e-10,-6.80956e-10,0.523928,0.523928,1
930,0.1302,0.00558262,9.17286,0,0.0602,1,1.00181,-1.21393e-10,-6.4506e-10,0.517139,0.517139,1
931,0.13034,0.00558029,9.17286,0,0.06034,1,1.00182,-1.20088e-10,-6.09165e-10,0.51035,0.51035,1
932,0.13048,0.00557797,9.17286,0,0.06048,1,1.00183,-1.18784e-10,-5.73269e-10,0.50356,0.50356,1
933,0.13062,0.00557565,9.17286,0,0.06062,1,1.00184,-1.17479e-10,-5.37372e-10,0.496771,0.496771,1
934,0.13076,0.00557333,9.17286,0,0.06076,1,1.00184,-1.16174e-10,-5.01476e-10,0.489982,0.489982,1
935,0.1309,0.00557101,9.17286,0,0.0609,1,1.00185,-1.14869e-10,-4.6558e-10,0.483193,0.483193,1
936,0.13104,0.00556869,9.17286,0,0.06104,1,1.00186,-1.13565e-10,-4.29684e-10,0.476404,0.476404,1
937,0.13118,0.00556637,9.17286,0,0.06118,1,1.00187,-1.1226e-10,-3.93788e-10,0.469615,0.469615,1
938,0.13132,0.00556405,9.17286,0,0.06132,1,1.00188,-1.10955e-10,-3.57891e-10,0.462825,0.462825,1
939,0.13146,0.00556173,9.17286,0,0.06146,1,1.00189,-1.09651e-10,-3.21995e-10,0.456036,0.456036,1
940,0.1316,0.00555941,9.17286,0,0.0616,1,1.0019,-1.08346e-10,-2.86099e-10,0.449247,0.449247,1
941,0.13174,0.00555708,9.17286,0,0.06174,1,1.0019,-1.07041e-10,-2.50203e-10,0.442458,0.442458,1
942,0.13188,0.00555476,9.17286,0,0.06188,1,1.00191,-1.05736e-10,-2.14307e-10,0.435669,0.435669,1
943,0.13202,0.00555244,9.17286,0,0.06202,1,1.00192,-1.04432e-10,-1.7841e-10,0.42888,0.42888,1
944,0.13216,0.00555012,9.17286,0,0.06216,1,1.00193,-1.03127e-10,-1.42514e-10,0.42209,0.42209,1
945,0.1323,0.0055478,9.17286,0,0.0623,1,1.00194,-1.01822e-10,-1.06618e-10,0.415301,0.415301,1
946,0.13244,0.00554548,9.17286,0,0.06244,1,1.00195,-1.00517e-10,-7.07218e-11,0.408512,0.408512,1
947,0.13258,0.00554318,9.17286,0,0.06258,1,1.00196,-9.85693e-11,-4.88489e-11,0.401426,0.401426,1
948,0.13272,0.00554089,9.17286,0,0.06272,1,1.00196,-9.61384e-11,-3.74925e-11,0.394117,0.394117,1
949,0.13286,0.00553861,9.17286,0,0.06286,1,1.00197,-9.37077e-11,-2.61368e-11,0.386808,0.386808,1
950,0.133,0.00553632,9.17286,0,0.063,1,1.00198,-9.12769e-11,-1.47804e-11,0.379498,0.379498,1
951,0.13314,0.00553404,9.17286,0,0.06314,1,1.00199,-8.88461e-11,-3.42457e-12,0.372189,0.372189,1
952,0.13328,0.00553176,9.17286,0,0.06328,1,1.002,-8.64153e-11,7.93183e-12,0.36488,0.36488,1
953,0.13342,0.00552947,9.17286,0,0.06342,1,1.00201,-8.39846e-11,1.92876e-11,0.357571,0.357571,1
954,0.13356,0.00552719,9.17286,0,0.06356,1,1.00202,-8.15537e-11,3.0644e-11,0.350262,0.350262,1
955,0.1337,0.0055249,9.17286,0,0.0637,1,1.00203,-7.9123e-11,4.19998e-11,0.342953,0.342953,1
956,0.13384,0.00552262,9.17286,0,0.06384,1,1.00204,-7.66922e-11,5.33562e-11,0.335643,0.335643,1
957,0.13398,0.00552033,9.17286,0,0.06398,1,1.00204,-7.42614e-11,6.4712e-11,0.328334,0.328334,1
958,0.13412,0.00551805,9.17286,0,0.06412,1,1.00205,-7.18306e-11,7.60684e-11,0.321025,0.321025,1
959,0.13426,0.00551576,9.17286,0,0.06426,1,1.00206,-6.93999e-11,8.74242e-11,0.313716,0.313716,1
960,0.1344,0.00551348,9.17286,0,0.0644,1,1.00207,-6.6969e-11,9.87806e-11,0.306407,0.306407,1
961,0.13454,0.00551119,9.17286,0,0.06454,1,1.00208,-6.45383e-11,1.10136e-10,0.299098,0.299098,1
962,0.13468,0.00550891,9.17286,0,0.06468,1,1.00209,-6.21074e-11,1.21493e-10,0.291789,0.291789,1
963,0.13482,0.00550662,9.17286,0,0.06482,1,1.0021,-5.96767e-11,1.32849e-10,0.28448,0.28448,1
964,0.13496,0.00550434,9.17286,0,0.06496,1,1.00211,-5.72459e-11,1.44205e-10,0.27717,0.27717,1
965,0.1351,0.00550205,9.17286,0,0.0651,1,1.00212,-5.48151e-11,1.55561e-10,0.269861,0.269861,1
966,0.13524,0.00549977,9.17286,0,0.06524,1,1.00213,-5.23843e-11,1.66917e-10,0.262552,0.262552,1
967,0.13538,0.00549748,9.17286,0,0.06538,1,1.00214,-4.99536e-11,1.78273e-10,0.255243,0.255243,1
968,0.13552,0.0054952,9.17286,0,0.06552,1,1.00214,-4.75227e-11,1.89629e-10,0.247934,0.247934,1
969,0.13566,0.00549291,9.17286,0,0.06566,1,1.00215,-4.5092e-11,2.00985e-10,0.240625,0.240625,1
970,0.1358,0.00549063,9.17286,0,0.0658,1,1.00216,-4.26612e-11,2.12342e-10,0.233315,0.233315,1
971,0.13594,0.00548834,9.17286,0,0.06594,1,1.00217,-4.02304e-11,2.23697e-10,0.226006,0.226006,1
972,0.13608,0.00548606,9.17286,0,0.06608,1,1.00218,-3.77996e-11,2.35054e-10,0.218697,0.218697,1
973,0.13622,0.00548377,9.17286,0,0.06622,1,1.00219,-3.53689e-11,2.46409e-10,0.211388,0.211388,1
974,0.13636,0.00548155,9.17286,0,0.06636,1,1.0022,-3.38258e-11,2.41543e-10,0.203667,0.203667,1
975,0.1365,0.00547934,9.17286,0,0.0665,1,1.00221,-3.25248e-11,2.32253e-10,0.195834,0.195834,1
976,0.13664,0.00547712,9.17286,0,0.06664,1,1.00222,-3.12239e-11,2.22963e-10,0.188001,0.188001,1
977,0.13678,0.00547491,9.17286,0,0.06678,1,1.00223,-2.99228e-11,2.13673e-10,0.180167,0.180167,1
978,0.13692,0.0054727,9.17286,0,0.06692,1,1.00224,-2.86219e-11,2.04383e-10,0.172334,0.172334,1
979,0.13706,0.00547049,9.17286,0,0.06706,1,1.00225,-2.73208e-11,1.95092e-10,0.1645,0.1645,1
980,0.1372,0.00546828,9.17286,0,0.0672,1,1.00226,-2.60199e-11,1.85802e-10,0.156667,0.156667,1
981,0.13734,0.00546607,9.17286,0,0.06734,1,1.00226,-2.47188e-11,1.76512e-10,0.148834,0.148834,1
982,0.13748,0.00546386,9.17286,0,0.06748,1,1.00227,-2.34179e-11,1.67222e-10,0.141,0.141,1
983,0.13762,0.00546164,9.17286,0,0.06762,1,1.00228,-2.21169e-11,1.57932e-10,0.133167,0.133167,1
984,0.13776,0.00545943,9.17286,0,0.06776,1,1.00229,-2.08159e-11,1.48642e-10,0.125334,0.125334,1
985,0.1379,0.00545722,9.17286,0,0.0679,1,1.0023,-1.95149e-11,1.39352e-10,0.1175,0.1175,1
986,0.13804,0.00545501,9.17286,0,0.06804,1,1.00231,-1.82139e-11,1.30062e-10,0.109667,0.109667,1
987,0.13818,0.0054528,9.17286,0,0.06818,1,1.00232,-1.69129e-11,1.20771e-10,0.101833,0.101833,1
988,0.13832,0.00545059,9.17286,0,0.06832,1,1.00233,-1.56119e-11,1.11481e-10,0.0940003,0.0940003,1
989,0.13846,0.00544838,9.17286,0,0.06846,1,1.00234,-1.43109e-11,1.02191e-10,0.0861667,0.0861667,1
990,0.1386,0.00544616,9.17286,0,0.0686,1,1.00235,-1.30099e-11,9.29012e-11,0.0783335,0.0783335,1
991,0.13874,0.00544395,9.17286,0,0.06874,1,1.00236,-1.17089e-11,8.36109e-11,0.0705,0.0705,1
992,0.13888,0.00544174,9.17286,0,0.06888,1,1.00237,-1.0408e-11,7.4321e-11,0.0626668,0.0626668,1
993,0.13902,0.00543953,9.17286,0,0.06902,1,1.00238,-9.10692e-12,6.50306e-11,0.0548333,0.0548333,1
994,0.13916,0.00543732,9.17286,0,0.06916,1,1.00239,-7.80596e-12,5.57407e-11,0.0470001,0.0470001,1
995,0.1393,0.00543511,9.17286,0,0.0693,1,1.0024,-6.50493e-12,4.64504e-11,0.0391666,0.0391666,1
996,0.13944,0.0054329,9.17286,0,0.06944,1,1.00241,-5.20398e-12,3.71605e-11,0.0313334,0.0313334,1
997,0.13958,0.00543068,9.17286,0,0.06958,1,1.00242,-3.90295e-12,2.78701e-11,0.0234999,0.0234999,1
998,0.13972,0.00542847,9.17286,0,0.06972,1,1.00243,-2.60199e-12,1.85802e-11,0.0156667,0.0156667,1
999,0.13986,0.00542626,9.17286,0,0.06986,1,1.00244,-1.30096e-12,9.28988e-12,0.00783315,0.00783315,1
1000,0.14,0.00542405,9.17286,0,0.07,1,1.00245,0,0,0,0,1
